EXTR,0.006196522183
NOG,0.005241223121
KAI,0.004793173942
TMDX,0.004789153412
CSWI,0.004742343604
TDW,0.004679943083
CBZ,0.004678606914
MHO,0.004474354058
IMGN,0.004453395444
ICFI,0.004309506017
MYRG,0.004262208078
FCPT,0.004076061272
CCS,0.004072351820
AKRO,0.004048811325
KDNY,0.004028032487
NMIH,0.003965117502
AMPH,0.003836857829
RVNC,0.003726174485
CPK,0.003708536612
SJW,0.003656696444
MORF,0.003633356693
WGO,0.003569799766
RDNT,0.003568692369
PRMW,0.003532246619
COHU,0.003460625395
ALG,0.003459413829
SBCF,0.003448022213
GPRE,0.003361155451
USPH,0.003297031691
VCEL,0.003295243661
RC,0.003238137087
XPEL,0.003216841051
CEIX,0.003180979483
HLIT,0.003154308513
PATK,0.003128225265
DICE,0.003066879644
DVAX,0.003061175594
MOD,0.003014853661
UCTT,0.003011511822
GERN,0.003011503773
STRL,0.003009694966
PGTI,0.002998620229
VRTV,0.002980828774
TBBK,0.002963496015
CLDX,0.002956432325
ENVA,0.002904585838
NVEE,0.002887689406
BATRK,0.002879974269
MGPI,0.002803762631
PLUS,0.002793515083
PTGX,0.002770077103
ADUS,0.002769942058
MBC,0.002755971065
TALO,0.002729557910
SNEX,0.002701255238
SLVM,0.002698560011
PARR,0.002695572902
VKTX,0.002685881846
PDFS,0.002675758078
PLAB,0.002673972542
DO,0.002663055243
VTYX,0.002656275683
MSEX,0.002629825173
GRBK,0.002621572924
ERII,0.002613719865
UFPT,0.002585669944
AGYS,0.002565467753
EFSC,0.002555716968
ATEC,0.002553690374
SNDX,0.002523336304
CPRX,0.002497488582
DEA,0.002497051602
SGH,0.002493804347
DGII,0.002475180710
LMAT,0.002473942471
EVRI,0.002374235985
KRYS,0.002373733141
MODN,0.002360477485
IDYA,0.002358474576
CTS,0.002355376637
UEC,0.002353547286
CHEF,0.002346913362
AGM,0.002342102247
BOOT,0.002335447124
CASH,0.002300714828
ROAD,0.002276334489
MRTN,0.002254408082
CVCO,0.002239288936
MBUU,0.002230948413
IMKTA,0.002195703680
RADI,0.002191755699
LKFN,0.002161553514
NVTS,0.002159424500
RYI,0.002145898323
FBNC,0.002136310556
GPOR,0.002123702300
CIR,0.002122512354
NSSC,0.002114329748
TVTX,0.002113175730
MEG,0.002102530126
DFIN,0.002100114684
ACLX,0.002098772230
SYBT,0.002085239000
STC,0.002066865530
AEHR,0.002047762290
CMCO,0.002037248603
ETNB,0.002037034289
REPL,0.001979061060
CBAY,0.001968960532
INDI,0.001964145086
BUSE,0.001947193854
PLL,0.001939357334
STEL,0.001912356491
ICHR,0.001908749098
NTST,0.001905273301
ATEN,0.001890520154
MNKD,0.001884446636
AMSF,0.001883019042
SIBN,0.001864419559
NXRT,0.001829014210
PLYM,0.001826606346
FBK,0.001814777526
VRDN,0.001797552296
SAVA,0.001793305364
SASR,0.001781345696
CCRN,0.001767552927
ROCK,0.001764197361
PKST,0.001760715439
ARLO,0.001755289651
MCRI,0.001740069108
COGT,0.001730790555
RYTM,0.001728814665
TCBK,0.001727998888
UUUU,0.001727450830
VBTX,0.001703911303
CCF,0.001699752889
WINA,0.001698550653
ASIX,0.001689098193
PLRX,0.001680114005
ESTE,0.001679028461
INBX,0.001670309206
NYMT,0.001667904936
HWKN,0.001662368343
TMST,0.001657906809
SLCA,0.001637552705
OCFC,0.001627719658
CRNX,0.001615699229
CDMO,0.001611249723
UMH,0.001610275721
PEBO,0.001602489423
ANIP,0.001602166874
BLFS,0.001593847853
PAR,0.001580960793
OBK,0.001579911859
NRC,0.001579599450
CUBI,0.001569352622
GDEN,0.001555917472
NBR,0.001554646050
BZH,0.001553505565
JBSS,0.001549773432
AVID,0.001548474024
EFC,0.001538165661
KROS,0.001534358983
COCO,0.001532805154
CLNE,0.001529071322
LBAI,0.001525119581
CHCT,0.001521559949
BFC,0.001514222723
UTL,0.001504298046
BXC,0.001493166218
MVIS,0.001490807737
IMXI,0.001482582896
INSW,0.001475352265
NIC,0.001474318311
VTLE,0.001470887316
LWLG,0.001470482753
SPTN,0.001457751534
VSTO,0.001456352471
PHR,0.001454847475
MIRM,0.001451419707
PRDO,0.001450407108
TTGT,0.001450264289
RNA,0.001448244725
ADMA,0.001436799556
DCPH,0.001427137411
THRY,0.001421716374
SBSI,0.001417189689
PNT,0.001412620340
SOUN,0.001412528694
GABC,0.001408093757
QTRX,0.001399978994
ATRI,0.001377342858
KURA,0.001373358180
CHUY,0.001364031864
SP,0.001344969161
DCGO,0.001340884073
MDXG,0.001338588612
AOSL,0.001330082491
FLGT,0.001318260666
PFBC,0.001317091673
AHH,0.001316930203
MYE,0.001316412013
RILY,0.001312042719
HZO,0.001307829543
COLL,0.001302356613
AMRK,0.001284542361
BSIG,0.001281464618
SLP,0.001278190402
SHYF,0.001276810867
SMP,0.001274420888
ARDX,0.001273603083
PLMR,0.001263701585
VTOL,0.001261246317
FBMS,0.001257647582
DX,0.001256293300
FDMT,0.001256245490
NEXT,0.001253701470
TFIN,0.001242964272
ARKO,0.001234549346
AORT,0.001230896520
BCRX,0.001226349253
KIDS,0.001226041586
ACRS,0.001216392319
SXC,0.001214966567
DENN,0.001209542969
MLAB,0.001203453664
PLOW,0.001203064001
GTN,0.001201666261
QCRH,0.001201630701
KE,0.001196706744
ARCT,0.001194081483
ETD,0.001190063543
CRAI,0.001189381707
RICK,0.001189270263
HCCI,0.001187770839
RAPT,0.001184309284
RXST,0.001173039898
CHS,0.001171977284
AMWD,0.001171339741
ROVR,0.001167552411
MTW,0.001159233344
OFIX,0.001156166916
AVXL,0.001151298133
TRNS,0.001142124760
CNOB,0.001138632236
RPAY,0.001138240333
DCOM,0.001135512869
HAYN,0.001133414685
CLFD,0.001132075159
STGW,0.001120761994
FRG,0.001114521888
TITN,0.001111217700
DCO,0.001109142358
BANC,0.001106865049
RCKT,0.001105543775
VSEC,0.001104593318
WTTR,0.001103712761
NUVL,0.001098845405
ACEL,0.001088582080
FNA,0.001077143029
VCTR,0.001069822685
BELFB,0.001069291999
TWI,0.001069078223
TCMD,0.001068179024
IIIN,0.001059855738
ACMR,0.001058413008
PFC,0.001055441162
CRMT,0.001054841334
CYH,0.001053996438
FPI,0.001051801280
GMRE,0.001048074749
HFWA,0.001045454187
BBSI,0.001039721282
ZYME,0.001022383977
OSBC,0.001021868321
LAND,0.001017909134
JRVR,0.001013351689
MRNS,0.001012262756
HCKT,0.001008505189
IRON,0.001008466933
GOGO,0.001008318246
HROW,0.001004694176
REX,0.001004630047
MODV,0.001003872777
BMEA,0.001003019367
CTBI,0.001002631666
DHC,0.000994439487
POWL,0.000993874342
APLD,0.000992159819
VVX,0.000991736317
EVLV,0.000985326440
OSPN,0.000983892443
CNXN,0.000983409259
ACHR,0.000982742172
VVI,0.000981005882
HLX,0.000979322112
ACRE,0.000972111488
IDT,0.000970488729
ASPN,0.000969046911
LXU,0.000967931047
ATRO,0.000964751533
TRST,0.000953482559
GLDD,0.000949398771
AVO,0.000948497253
FC,0.000948417307
PHAT,0.000939535963
MCFT,0.000939364719
DMRC,0.000935504045
KRUS,0.000935352218
DXPE,0.000934234996
UVSP,0.000932100223
CASS,0.000931824292
HTLF,0.000929558748
HSII,0.000928681579
CLW,0.000928133155
IIIV,0.000928034537
AGEN,0.000926388408
WW,0.000926002977
RGP,0.000925486841
AGX,0.000924824652
EBF,0.000922993765
SHCR,0.000922716145
GOOD,0.000912380442
AMTB,0.000911058994
SRI,0.000908526715
ZEUS,0.000905299993
CVGW,0.000901985064
GSBC,0.000901324282
CABA,0.000897688765
FCBC,0.000896308251
GDYN,0.000894256963
DHIL,0.000891386914
TSVT,0.000889940728
RCUS,0.000889822491
OABI,0.000886443910
HTBK,0.000884366169
SD,0.000882049113
EOSE,0.000880775274
AVD,0.000872363513
YORW,0.000870339357
NVEC,0.000867997046
FG,0.000866189687
EWCZ,0.000865258429
ARQT,0.000863512076
BLBD,0.000863196215
ALDX,0.000860929215
BALY,0.000856701599
CTLP,0.000851561425
EGLE,0.000850262990
SBOW,0.000850117356
MITK,0.000848456934
MCRB,0.000847289101
CBL,0.000846955368
CLSK,0.000846866514
DYN,0.000846756259
IESC,0.000846277357
ORGN,0.000844072224
WASH,0.000841388266
HAFC,0.000840962339
OIS,0.000840829342
WSR,0.000839856291
QNST,0.000837111665
NRIX,0.000830313996
SCLX,0.000827528738
VYGR,0.000827279182
ACCD,0.000823035058
LUNG,0.000821295953
HOV,0.000820546928
VPG,0.000818502629
FMNB,0.000811792641
HIBB,0.000810328676
PGC,0.000809715291
LOB,0.000806212613
CSV,0.000804760517
HBNC,0.000804511616
TARS,0.000803813928
CLDT,0.000801078568
RCEL,0.000794439244
HVT,0.000793101034
CAC,0.000791704554
DOMO,0.000789423075
MNTK,0.000788376309
BOC,0.000787331879
VERA,0.000785973943
XPOF,0.000785809592
MXCT,0.000785117410
BRY,0.000782329846
UVE,0.000779494303
CERS,0.000778074260
FMBH,0.000776751979
SRDX,0.000775176518
MBWM,0.000774123476
ELVN,0.000773696666
ATEX,0.000771836865
TPIC,0.000771692239
ARTNA,0.000771268066
EZPW,0.000769936615
MSBI,0.000768197026
USLM,0.000767152567
AAN,0.000765620368
CTOS,0.000764621344
SCVL,0.000764580487
CAL,0.000760804994
BY,0.000754739896
WEAV,0.000751795340
NKLA,0.000750661498
ENTA,0.000747789212
ORC,0.000746902935
VTNR,0.000743868077
MBI,0.000743275334
EGY,0.000740299118
FWRG,0.000740001208
TPB,0.000739657714
BATRA,0.000739321668
CCB,0.000737765459
MOV,0.000733800947
PETQ,0.000733573689
MYPS,0.000732781631
MTTR,0.000730392617
TTI,0.000725856879
ICPT,0.000722661893
CCBG,0.000721296388
CFB,0.000716954116
ANGO,0.000716897207
MBIN,0.000713755984
MLR,0.000710901965
TGI,0.000709105788
LEU,0.000709044988
ANIK,0.000706970422
CATC,0.000706098471
OCUL,0.000700765624
NR,0.000697473452
TELL,0.000695077536
LIND,0.000694438736
ASLE,0.000694221764
ONL,0.000690665409
CHRS,0.000690556940
MOND,0.000689998464
ASTS,0.000689751199
RBCAA,0.000689198387
CYRX,0.000688154514
HCI,0.000685544926
NEWT,0.000685437328
AXGN,0.000685050875
HDSN,0.000683484526
SMBC,0.000682860573
CECO,0.000681735297
CTO,0.000681627658
CDRE,0.000679915674
LOVE,0.000679638111
WTI,0.000679368805
TRC,0.000678127496
FIP,0.000676657996
OFLX,0.000676111742
ONEW,0.000669704515
AVNW,0.000668792796
IRMD,0.000665249263
VNDA,0.000663153889
IBCP,0.000661166949
DAWN,0.000655870537
LQDT,0.000653413829
VLD,0.000651747675
CCNE,0.000651238077
CVGI,0.000650886337
THFF,0.000650195046
ARAY,0.000649143884
MCB,0.000646192411
BLUE,0.000645574079
NXDT,0.000643633794
OSUR,0.000642986530
CSTL,0.000641514973
SLGC,0.000640461478
MCS,0.000638943561
SVRA,0.000638425994
AMAL,0.000635774634
FFIC,0.000634881143
HONE,0.000633867081
BFST,0.000633243596
GEVO,0.000631722110
XERS,0.000630218699
OOMA,0.000629040091
CPSI,0.000628375569
BW,0.000627629545
QUOT,0.000626560225
BWMN,0.000624870454
MRSN,0.000624554204
DJCO,0.000624365668
LYTS,0.000624160415
ALTG,0.000620621410
CARE,0.000620348976
AMSWA,0.000619355535
BHB,0.000619256646
ONTF,0.000618062584
SKWD,0.000617333541
BBCP,0.000615353258
FNKO,0.000614676437
BOOM,0.000613418894
INN,0.000612799736
RMAX,0.000611492837
ITOS,0.000611207322
PWP,0.000610836873
TIPT,0.000610179762
LQDA,0.000608926203
PNTG,0.000606096067
TRDA,0.000602417929
SRG,0.000600557153
OLP,0.000599321626
OMER,0.000598743217
TERN,0.000594445385
UTMD,0.000592344605
HIFS,0.000591454471
EWTX,0.000587810039
GCI,0.000587316085
ESQ,0.000587195062
EQBK,0.000585266580
SLDP,0.000583036393
MCBS,0.000580626294
MGNX,0.000579560352
OLMA,0.000576924113
KODK,0.000574554359
BLNK,0.000574308155
SENS,0.000573964577
SMBK,0.000573287342
SRCE,0.000572828209
EOLS,0.000572323229
BVH,0.000571456129
HTBI,0.000568745953
SRRK,0.000566138477
BAND,0.000565515679
VUZI,0.000564809283
RLGT,0.000560112617
MCBC,0.000557477931
SFIX,0.000556535683
FRPH,0.000555497647
CVLG,0.000555156700
AMPS,0.000554103719
GCO,0.000551078708
MPB,0.000550540615
ORIC,0.000548467781
ZIMV,0.000546293782
ALPN,0.000545551747
TPC,0.000544732224
ARIS,0.000543686071
NVTA,0.000543171468
GNE,0.000541635081
UBA,0.000539504610
AMNB,0.000539424088
DSKE,0.000537122279
CNSL,0.000535493438
LUNA,0.000533689992
FUBO,0.000531711766
WEST,0.000531618206
XFOR,0.000531209569
BBW,0.000530946488
SNBR,0.000530075106
NWPX,0.000529688317
ODC,0.000529045536
ASRT,0.000528517246
ABUS,0.000528452619
PMVP,0.000528404657
CUTR,0.000525732276
SWBI,0.000524234484
CZFS,0.000523228282
AROW,0.000522502588
ALLK,0.000521946700
STOK,0.000519701151
PFIS,0.000519671657
CZNC,0.000519353622
VMD,0.000518683784
INOD,0.000518028142
SGHT,0.000517932002
AVIR,0.000517650327
SMHI,0.000514004002
PSTL,0.000513070080
JOUT,0.000512497699
INTT,0.000512066516
PETS,0.000511432527
KALV,0.000510366816
FMAO,0.000509187028
NOTE,0.000506042438
SCPH,0.000504083768
PLCE,0.000504007474
GPMT,0.000503572730
LXRX,0.000501744143
GBIO,0.000499554788
ALRS,0.000498986464
TCX,0.000498648553
HLVX,0.000497030938
HIPO,0.000496399323
SPFI,0.000495790885
ACNB,0.000495261052
PKE,0.000494886712
STRO,0.000492146823
WSBF,0.000491864915
EBTC,0.000489168274
RYAM,0.000488237913
URG,0.000486934334
HA,0.000486269409
ZUMZ,0.000485374406
SMMT,0.000484377734
WTBA,0.000482244610
CIVB,0.000480640484
CMAX,0.000479035098
UIS,0.000475945931
EVC,0.000475729771
FLIC,0.000474941155
BMRC,0.000472575455
NBN,0.000471402608
RMNI,0.000471212160
JMSB,0.000470958205
TNYA,0.000470480371
CLAR,0.000470107016
NUVB,0.000469905726
SOI,0.000468762424
INGN,0.000467820079
TYRA,0.000467801442
LOCO,0.000466075087
RM,0.000461011496
LMNR,0.000460444953
ICVX,0.000455136837
FET,0.000454987832
DXLG,0.000452645361
OSG,0.000451331029
GLRE,0.000450818084
MLYS,0.000449588096
SLQT,0.000449447249
BIG,0.000449026146
DSGR,0.000448215019
TREE,0.000447423159
SMMF,0.000447061708
TILE,0.000446651775
OPY,0.000446450452
AMTX,0.000446324278
CMTL,0.000446140677
WULF,0.000444747330
MVBF,0.000444249997
BLFY,0.000443660751
IPI,0.000440445500
IVR,0.000440432406
EYPT,0.000440237796
BHR,0.000439984442
AMPY,0.000437861789
RBBN,0.000437526111
IMRX,0.000437515493
HBT,0.000435797686
LFCR,0.000432507739
ATXS,0.000430490209
REFI,0.000429534516
HBCP,0.000429480855
DAKT,0.000429253339
WLDN,0.000428924568
FRGE,0.000428921256
FF,0.000428512602
CPS,0.000428130304
FSBC,0.000427155314
HT,0.000425417546
FISI,0.000423957131
BSRR,0.000423735219
RRBI,0.000423304373
CARM,0.000423144554
FNLC,0.000422654439
EPM,0.000420811566
BRT,0.000420167548
EGHT,0.000418848085
OB,0.000417667756
LEGH,0.000416986459
ASUR,0.000416186236
RIGL,0.000413110374
GNTY,0.000412493237
UTI,0.000412371585
YMAB,0.000410157860
LMB,0.000410069962
SPRY,0.000409819571
OPRX,0.000406194052
FDBC,0.000406084134
FBIZ,0.000405880062
GLUE,0.000405459262
IMMR,0.000404748045
FLL,0.000404285441
ORGO,0.000401796478
MOFG,0.000401507811
PBPB,0.000401155047
CDNA,0.000400496220
DGICA,0.000400169994
KOD,0.000399694680
SEER,0.000399534383
AKTS,0.000399086269
ILPT,0.000398980803
FTCI,0.000397923335
AGS,0.000395039545
KOPN,0.000392141031
SPOK,0.000391116978
PCYO,0.000390341536
CIO,0.000389699267
NRIM,0.000389263209
ZYXI,0.000388926925
TELA,0.000388165420
AURA,0.000387375386
BLND,0.000387114019
CRMD,0.000386612463
SKYT,0.000386247325
ALTO,0.000385299243
AKYA,0.000385147868
HBIO,0.000384400905
III,0.000382564608
SHBI,0.000381730155
CSTR,0.000380879088
HOFT,0.000380335606
DNMR,0.000380270969
MBCN,0.000379753406
FLWS,0.000379650728
PINE,0.000379415689
NRDY,0.000376859222
TH,0.000376297278
SPWH,0.000376050584
NWFL,0.000375565567
EGRX,0.000375430896
CDLX,0.000375409250
PRTS,0.000375241048
ATOM,0.000375048545
GCBC,0.000374256686
BLDE,0.000372114912
FFWM,0.000371756512
CPF,0.000371605661
CMPX,0.000370913709
BKSY,0.000370748933
OTLK,0.000370587719
SSTI,0.000370203461
RRGB,0.000370012371
EHTH,0.000369732394
RDVT,0.000369525641
REI,0.000369198826
HNRG,0.000366565659
JYNT,0.000365414115
SIGA,0.000365012231
FSBW,0.000364953074
PACK,0.000364379942
FRST,0.000364107424
METC,0.000363960582
GRWG,0.000363548280
SPPI,0.000363361051
LAW,0.000361667738
CLMB,0.000361655707
ZOM,0.000361404322
CRBU,0.000360679453
NTGR,0.000360370315
BCML,0.000359767852
BGFV,0.000359346680
TCBX,0.000357676291
ITIC,0.000357619097
CNTY,0.000357440244
FFIE,0.000357384245
HLLY,0.000356781778
GOEV,0.000356193824
ALVR,0.000356074601
GHL,0.000355560070
BWB,0.000355171695
AVTE,0.000354692323
NSTG,0.000353496828
AFCG,0.000352226756
NECB,0.000351992500
SGMO,0.000350114055
RELL,0.000349334554
SFST,0.000349158677
ULH,0.000349140257
REAL,0.000348568174
TSBK,0.000348244746
BHIL,0.000348137270
IHRT,0.000347850511
PLBC,0.000347315300
POWW,0.000347143835
STRS,0.000346563967
CMBM,0.000346112896
BNGO,0.000345088839
CATX,0.000345062502
OPI,0.000344772132
STKS,0.000344265632
ATNM,0.000343283265
STHO,0.000342296848
OVID,0.000341227452
ORRF,0.000338726560
KPTI,0.000338687968
INVE,0.000338470815
FULC,0.000338233206
SENEA,0.000337151446
ATLC,0.000336145677
USX,0.000335100981
TRUE,0.000334550682
RBB,0.000334537825
TG,0.000334403958
FRBA,0.000333110224
DTC,0.000332360773
LCTX,0.000331842970
CVLY,0.000329587176
CLPT,0.000328185804
VSTM,0.000328163993
CDXS,0.000327497311
SNPO,0.000327488981
HFFG,0.000327428623
CRD.A,0.000325584445
GRNT,0.000325238151
CMT,0.000324781752
TNGX,0.000324738083
CVRX,0.000324318738
AMSC,0.000323834395
CFFI,0.000323090793
MPX,0.000321197597
QSI,0.000320989575
ALT,0.000320857642
PDLB,0.000319008593
PKBK,0.000318140361
CTXR,0.000316367507
INFU,0.000315935057
VRM,0.000313346327
LPSN,0.000312625148
ITI,0.000312346970
QRTEA,0.000312052520
CELC,0.000311221469
HEAR,0.000311080450
PCB,0.000310689153
TDUP,0.000310343388
BCBP,0.000309945850
PWOD,0.000309691826
EGAN,0.000308109194
HRT,0.000307984693
EBS,0.000307682415
UNTY,0.000306587425
MASS,0.000305127177
CBNK,0.000304494194
TAST,0.000301480196
GENC,0.000301314793
NKSH,0.000301168482
BCOV,0.000301060013
VLGEA,0.000300970616
PFMT,0.000300738935
SAMG,0.000300691470
THRX,0.000299884422
CDZI,0.000299145477
ATLO,0.000298964531
FVCB,0.000298862547
OPRT,0.000298448731
CCRD,0.000298214472
KZR,0.000294408278
ATOS,0.000294202614
INZY,0.000293987795
RGCO,0.000293261030
LINC,0.000292126684
ACTG,0.000291948671
PKOH,0.000291811001
DOUG,0.000290279738
VOXX,0.000288806470
AAOI,0.000288779908
EMAN,0.000288034540
GRTS,0.000287742960
NATR,0.000287629700
COFS,0.000287110244
ZVRA,0.000286773353
DHX,0.000284730964
CVCY,0.000284653050
TWOU,0.000283869815
DC,0.000283869534
MNSB,0.000282886648
WKHS,0.000282406265
AKBA,0.000282337301
IKNA,0.000281876499
MG,0.000280389216
ADVM,0.000280136778
MRAM,0.000280101709
XOMA,0.000279456802
KVHI,0.000279416723
MTRX,0.000279076124
SMTI,0.000278930504
VIGL,0.000278347429
FSTR,0.000277301962
ATRA,0.000276319875
CUE,0.000276083258
CBAN,0.000275029661
JANX,0.000274696957
NDLS,0.000274487755
APYX,0.000272769151
HUMA,0.000272469919
LCNB,0.000272420993
MFIN,0.000272134103
PTSI,0.000271911801
VITL,0.000270936058
PGEN,0.000270887526
RCKY,0.000270538854
VABK,0.000270401265
OBT,0.000269496493
PRPL,0.000269297862
SACH,0.000268351714
FARO,0.000268212331
VRCA,0.000267850896
NAUT,0.000267323639
CHMG,0.000266902321
HQI,0.000266875396
NATH,0.000265884699
REPX,0.000265870184
TRHC,0.000265517040
SMLR,0.000265215498
LAB,0.000265016641
SCU,0.000264289152
MPAA,0.000264281680
BH,0.000263200852
NN,0.000262790079
AXTI,0.000262662167
ACRV,0.000261995382
CTSO,0.000261876720
VAXX,0.000261771186
MYFW,0.000261701164
TSQ,0.000261382740
LTCH,0.000260783447
PBYI,0.000258425456
TWIN,0.000258174640
WEYS,0.000257407954
CTRN,0.000257187472
OCGN,0.000256807942
HRTX,0.000256073474
SCWO,0.000255890017
TIO,0.000255719769
OMGA,0.000255684902
NUTX,0.000255215289
SEEL,0.000254998685
TCFC,0.000254881651
SSBK,0.000254793634
ALXO,0.000254687411
JAKK,0.000254444828
CGEM,0.000253816820
OCN,0.000253343564
VRA,0.000253137045
AJX,0.000252413696
EXFY,0.000252024413
GWRS,0.000251167108
IGMS,0.000251165783
BTAI,0.000250676708
TTSH,0.000250627176
PRST,0.000250255713
CATO,0.000249515928
TALK,0.000249125377
FRGI,0.000248047182
HURC,0.000247601916
OUST,0.000247502688
BRBS,0.000247303604
NC,0.000246957946
BWFG,0.000246829929
EVER,0.000246169890
AIP,0.000244639893
PESI,0.000244528735
FHTX,0.000244330781
RPHM,0.000244267593
PIII,0.000244219153
WISH,0.000243026376
PDSB,0.000243013274
COOK,0.000242770976
ESPR,0.000242762945
MACK,0.000242576455
ANNX,0.000241192334
MKFG,0.000240938851
AREC,0.000240279124
KLTR,0.000239969990
BARK,0.000239655201
CARA,0.000239454929
EVBN,0.000238571100
GLT,0.000237714466
AHT,0.000237142759
BPRN,0.000236583600
SEVN,0.000236508030
SWIM,0.000235589057
KLXE,0.000235506410
MEC,0.000235141102
SKYX,0.000235122902
RNGR,0.000234885519
FREE,0.000234872523
FSP,0.000234626635
GRTX,0.000234511547
GHM,0.000234456256
QUIK,0.000231986632
NGVC,0.000231285221
FCCO,0.000230744920
AAIC,0.000230026171
CHMI,0.000229760164
PVBC,0.000229592363
ESSA,0.000229415298
TLS,0.000229293306
AEVA,0.000228568627
SAL,0.000228311540
MVST,0.000228232981
LTRX,0.000227427963
AOMR,0.000226817340
VERI,0.000226258713
AMPX,0.000225002650
RMBL,0.000224333326
BCAB,0.000224141504
CCCC,0.000223921408
PRAX,0.000223778091
DRRX,0.000223537699
FOSL,0.000223509564
ASXC,0.000222994427
JSPR,0.000222971177
BSET,0.000222888331
CAPR,0.000222736527
LBPH,0.000222498991
NREF,0.000222304529
PCYG,0.000221993238
SELB,0.000221808089
ARC,0.000221600562
CTV,0.000220605257
ESCA,0.000219735047
INBK,0.000219475330
TLYS,0.000218845195
GRPN,0.000218118497
MITT,0.000217070371
UEIC,0.000216676902
INO,0.000216325354
TSP,0.000216082366
GHLD,0.000216071401
TCRT,0.000214979879
FRAF,0.000212923409
MLVF,0.000210924921
USAP,0.000210668900
HGBL,0.000210577840
CTMX,0.000210405234
CALB,0.000208065153
NGS,0.000205401099
TGAN,0.000204714216
LL,0.000204609020
BIRD,0.000204232727
EVI,0.000204052110
BDTX,0.000204006792
WMPN,0.000203855469
QUAD,0.000203598201
WNEB,0.000203295197
KRMD,0.000203126583
GTHX,0.000201621509
NODK,0.000201530002
UFI,0.000201521285
KRT,0.000200781154
CTG,0.000200768499
NKTR,0.000200715208
LLAP,0.000200602358
ABOS,0.000200132024
XBIT,0.000200046785
HYPR,0.000199891086
CIA,0.000199408819
ISTR,0.000199315865
ECBK,0.000199171676
PRCH,0.000199131573
QMCO,0.000199059591
SGC,0.000198904217
SCYX,0.000198646973
TRVI,0.000198551350
LVO,0.000197874213
RLYB,0.000196985131
CIFR,0.000196927879
RGTI,0.000196900166
NGM,0.000196670818
PMTS,0.000195957645
FONR,0.000195854731
GLYC,0.000195828690
SMID,0.000195673310
INMB,0.000195310834
HYLN,0.000194900170
HMST,0.000194704830
PBFS,0.000192928101
AOUT,0.000190773380
VOR,0.000190757995
OPTN,0.000190446463
SST,0.000189724571
QRHC,0.000189712502
XAIR,0.000189103785
CVM,0.000188777548
FEAM,0.000186919245
JILL,0.000186651984
HWBK,0.000186399625
LE,0.000185793568
LAKE,0.000185727450
ASYS,0.000185715404
EBMT,0.000185549754
TCS,0.000185099351
IMUX,0.000184967878
AADI,0.000184933108
BEEM,0.000184825802
OPAD,0.000183818481
LIFE,0.000183808727
UPLD,0.000183052373
ANTX,0.000182693558
VXRT,0.000182529696
SKIL,0.000182441581
SOND,0.000182334382
FCAP,0.000181961491
NNBR,0.000181082303
MLP,0.000180100973
PWFL,0.000179675630
GOSS,0.000179518336
CPSS,0.000178851397
RSVR,0.000178682532
VATE,0.000178564187
WHG,0.000177723860
RVSB,0.000177508075
DIBS,0.000177110528
OPBK,0.000176878865
TCRX,0.000176208335
GSIT,0.000176204476
BTMD,0.000175409154
PRTK,0.000175078612
HNST,0.000173665476
ANIX,0.000173356855
VEL,0.000173292150
CRGE,0.000173089352
BELFA,0.000172614223
PRPH,0.000172525161
REKR,0.000172441178
BFIN,0.000172327145
MRBK,0.000171695532
BGSF,0.000171168828
PLBY,0.000171056655
LSEA,0.000170535230
IVAC,0.000170302551
NOTV,0.000169935728
GEOS,0.000169847037
SNFCA,0.000169761339
LFMD,0.000168991663
PSTX,0.000168974377
CDTX,0.000168828031
ABSI,0.000168528717
GNSS,0.000168451108
RCMT,0.000168344550
CMRX,0.000168003000
LBC,0.000167865678
SPRU,0.000167524789
UONEK,0.000167377910
GWH,0.000167374990
MDV,0.000167147951
FUNC,0.000167087915
SUP,0.000166747205
HNVR,0.000166662483
EML,0.000166298591
ANVS,0.000166103927
BSVN,0.000165618576
EARN,0.000165490155
TALS,0.000165460324
EGIO,0.000165238270
ATHA,0.000165154429
ACHV,0.000164023233
RBOT,0.000162901461
DSGN,0.000162482165
MESA,0.000162349457
FNWB,0.000162298199
BKKT,0.000162207962
RENT,0.000162012506
TBNK,0.000161678700
AQMS,0.000161430874
SSBI,0.000160670125
UIHC,0.000160202824
PXLW,0.000159976853
PHX,0.000159686701
DZSI,0.000159677045
OCUP,0.000159294922
STTK,0.000158826496
ALOT,0.000158300450
EPSN,0.000158028558
MHLD,0.000157627453
DLHC,0.000156780287
SGA,0.000156774699
TACT,0.000156233952
RVPH,0.000156082832
BGRY,0.000154067635
FNWD,0.000153811293
SBT,0.000153694969
ACNT,0.000153466166
FFNW,0.000153440597
PCTI,0.000151858487
PEBK,0.000151595358
BYRN,0.000151506770
DMAC,0.000150188894
FINW,0.000150045881
ORN,0.000150045670
LRMR,0.000149842162
RAD,0.000149262224
XXII,0.000149169537
EP,0.000148369087
NTIC,0.000147982297
STXS,0.000147952228
USCB,0.000147628913
APEI,0.000147126849
VERU,0.000146862683
SCTL,0.000146418190
BSGM,0.000146221350
FRD,0.000145661813
VTSI,0.000145633206
DARE,0.000144804855
AVAH,0.000144800572
AUGX,0.000144310238
DLTH,0.000144125670
LNKB,0.000143640725
THRD,0.000143206548
UNB,0.000143096112
TAYD,0.000143005915
PFSW,0.000142542478
IMNM,0.000142534547
PAYS,0.000141705596
DMTK,0.000141604157
NVCT,0.000141418810
HRTG,0.000140938913
CRIS,0.000140481410
ETON,0.000139514279
ACU,0.000138605341
FOA,0.000138505254
WLFC,0.000137528378
ZVIA,0.000137374057
PEPG,0.000137220482
MTNB,0.000137017016
CPHC,0.000137016686
LCUT,0.000135608006
RANI,0.000134952841
NINE,0.000134852909
RXT,0.000134846131
ACET,0.000134742238
PPIH,0.000133342399
BWEN,0.000132985537
EYEN,0.000132866468
LAZY,0.000132788466
ABEO,0.000132568930
FLXS,0.000131055806
HBB,0.000130521263
CDXC,0.000130219356
KNTE,0.000130107591
HYZN,0.000129676201
CMPO,0.000128247970
BLZE,0.000128151151
SNCR,0.000128138638
STRT,0.000128040299
KRON,0.000127949379
OPOF,0.000127907407
CRVS,0.000127820575
AQST,0.000127611639
LEE,0.000127518359
PRLD,0.000126967788
ISSC,0.000126811081
WGS,0.000126558378
ENZ,0.000126543659
SERA,0.000126093148
ACR,0.000126016888
CLPR,0.000125961181
PROV,0.000125483006
OMEX,0.000125457261
GRPH,0.000125355563
FSFG,0.000125341127
CLNN,0.000124993784
ASTR,0.000124379990
DBTX,0.000124313582
LPTV,0.000124240119
WE,0.000124205563
SURG,0.000124082480
HMNF,0.000124053866
BBAI,0.000123837850
LTBR,0.000123667566
RLMD,0.000122883110
FGBI,0.000122275590
PSNL,0.000121639262
MAPS,0.000121520582
IPSC,0.000121512557
ZFOX,0.000120348132
CRD.B,0.000120287561
BCLI,0.000119758754
MDWT,0.000119637486
FTHM,0.000118963209
EEX,0.000118831672
KFS,0.000118819382
SKLZ,0.000118812333
NKTX,0.000118569744
SCX,0.000118538580
ELMD,0.000118352308
LODE,0.000117469588
IVVD,0.000116587761
SDC,0.000116497683
IPWR,0.000116159216
NPCE,0.000115689513
DSP,0.000115255079
GOCO,0.000115009868
DLA,0.000115000864
ROOT,0.000114985015
SMSI,0.000114574794
SLDB,0.000113640273
PTRS,0.000112911265
SCOR,0.000111717297
INSG,0.000110967756
GALT,0.000110748293
PNRG,0.000109912259
LFT,0.000109797899
FCUV,0.000109729517
ELA,0.000109624693
CMLS,0.000109610855
CRDF,0.000108994621
BH.A,0.000108714621
LYRA,0.000108578424
DCTH,0.000108469961
TCBC,0.000108468684
PYXS,0.000108325004
CLSD,0.000108253816
RZLT,0.000107569159
TOON,0.000107462670
ML,0.000107166448
KTCC,0.000106894166
TESS,0.000106858359
TPCS,0.000105608679
SPRO,0.000105424558
ASMB,0.000105001700
AXDX,0.000104378337
CFBK,0.000103760672
GORO,0.000102775357
JOB,0.000102712916
APLT,0.000102406815
STIM,0.000101694003
CULP,0.000101548236
TZOO,0.000100213359
BVS,0.000099900221
SWKH,0.000098896140
WMC,0.000098759110
CELU,0.000097533768
BGXX,0.000097455863
RMTI,0.000096861919
IDR,0.000096551292
SONX,0.000096468678
METCB,0.000095584690
FBIO,0.000095362733
KORE,0.000094703027
CMCT,0.000094150384
PHUN,0.000093792665
VIRC,0.000093490247
THRN,0.000093355491
HSON,0.000093281031
AIRG,0.000093268588
MYMD,0.000093115366
AREN,0.000092896624
PRDS,0.000092694438
BEAT,0.000092084633
ISDR,0.000091947581
ISPO,0.000091267830
KPLT,0.000090877144
FLUX,0.000090772585
KULR,0.000090765462
RDW,0.000090677838
CONN,0.000090583443
AIRS,0.000090261021
SPIR,0.000090161578
HOWL,0.000090128140
MLSS,0.000089889139
SYRS,0.000089723001
FTK,0.000089332520
ALCO,0.000089262272
STRM,0.000089217978
NERV,0.000089157995
ELEV,0.000088601244
EMBK,0.000088291135
LPTH,0.000088272751
SELF,0.000088207885
TCI,0.000087532093
UHG,0.000087428321
OESX,0.000087362067
LTRPA,0.000087284083
LFVN,0.000087236563
UONE,0.000087080121
AXR,0.000086903010
BAFN,0.000086854126
ULBI,0.000086404190
GNPX,0.000086376355
XLO,0.000086266857
CLST,0.000085885117
BHM,0.000085603446
BNED,0.000085555749
CYT,0.000085131108
TUSK,0.000084991701
DOMA,0.000084951179
POL,0.000084795307
LUNR,0.000084338809
PMCB,0.000084140066
CRWS,0.000084123266
ALPP,0.000083826933
CODA,0.000083418212
MCHX,0.000083184652
DTIL,0.000082779619
SURF,0.000082757513
VCSA,0.000082143777
FARM,0.000082126397
SLS,0.000082069243
BODY,0.000082064848
HYMC,0.000081790265
BCOW,0.000081549566
MEIP,0.000080843659
OSS,0.000080809368
PFIE,0.000080549575
QNCX,0.000080525307
APT,0.000080505384
RDI,0.000080502910
LOAN,0.000080226302
FEIM,0.000079925796
PET,0.000079844347
MOVE,0.000079508406
ADTH,0.000079341650
RGS,0.000079274814
LTRN,0.000079040234
IDN,0.000078917458
SPRB,0.000078788483
NSTS,0.000078472777
FAT,0.000078463328
BYFC,0.000078414241
BATL,0.000077978142
RSSS,0.000077682117
GIFI,0.000077426750
CASA,0.000076152945
PASG,0.000075863381
PLSE,0.000074860235
ADES,0.000074712616
NL,0.000074668228
CKPT,0.000074604763
BZFD,0.000074559232
CLIR,0.000074489520
FRBK,0.000074191383
AP,0.000073957214
HEPA,0.000073800746
CVV,0.000073696463
QUBT,0.000073614758
FORA,0.000073603707
AVRO,0.000073407611
WWR,0.000073294388
SUNW,0.000072974123
RAIL,0.000072957626
WRAP,0.000072909710
BKTI,0.000072669223
ICAD,0.000072660313
ORGS,0.000072635888
RFL,0.000072526532
CSPI,0.000072417451
ASRV,0.000072282105
HOOK,0.000072169274
CVU,0.000072114611
MGTA,0.000072056061
HCWB,0.000071802604
DYAI,0.000071775159
BHG,0.000071673353
SRTS,0.000071431468
CELL,0.000071413997
HLGN,0.000071145355
BSBK,0.000071111565
HOFV,0.000070855838
FIXX,0.000070737975
WTT,0.000070178863
VIRX,0.000069908760
LNSR,0.000069608717
FSEA,0.000069571261
CAMP,0.000069494390
CGTX,0.000069157399
BCDA,0.000069070717
GROW,0.000068810174
SND,0.000068738987
EXPR,0.000068606402
GLSI,0.000068552646
PDEX,0.000068496968
USIO,0.000068262105
KNW,0.000067733035
EMKR,0.000067363774
BOLT,0.000066938436
PAVM,0.000066815877
NAII,0.000066520866
VRAR,0.000066408415
IZEA,0.000066403452
OMIC,0.000066151279
RCAT,0.000065719495
ASPS,0.000065633899
ATER,0.000065372597
MKTW,0.000065332058
LVLU,0.000064885980
FKWL,0.000064842753
ONDS,0.000064835465
NXTC,0.000064672547
PBBK,0.000063969588
AAMC,0.000063768950
GEG,0.000063711876
MHH,0.000063681135
CPSH,0.000063503163
GROV,0.000063095296
RFIL,0.000063002544
XGN,0.000062983769
MBIO,0.000062828718
DAIO,0.000062781726
ARAV,0.000062570471
TXMD,0.000062374783
SGTX,0.000062309995
BDSX,0.000062283018
LIVE,0.000062231834
BOTJ,0.000062197461
OPTT,0.000062194677
CODX,0.000061944425
HLTH,0.000061899930
USAU,0.000061825843
MIRO,0.000061532107
ARKR,0.000061475933
CRBP,0.000060937821
NLS,0.000060870740
UBX,0.000060792365
STCN,0.000060541546
MPU,0.000060532093
UBP,0.000060283347
AIM,0.000059807296
TIL,0.000059474556
SBEV,0.000059396989
FTEK,0.000059218172
MKUL,0.000058688021
LPTX,0.000058582396
XPL,0.000058402381
WFCF,0.000058312757
AEYE,0.000058070854
SABS,0.000057850909
SOHO,0.000057205878
DIT,0.000057183903
HHS,0.000056766145
VANI,0.000056666404
LUXH,0.000056488983
DPSI,0.000056419833
DAVE,0.000056232642
KIRK,0.000056031218
GAIA,0.000056015801
TUP,0.000055771714
BCEL,0.000055693615
HYFM,0.000055607299
CCLD,0.000055133264
GTIM,0.000055114147
DUOT,0.000054969673
BIOR,0.000054724931
ELDN,0.000054015762
ALGS,0.000053819517
NVNO,0.000053796247
DFLI,0.000053381231
SANW,0.000053160215
PNBK,0.000053138363
TCBS,0.000052867127
KEQU,0.000052546248
VHC,0.000052057052
SIEB,0.000052027608
EIGR,0.000051753931
OPFI,0.000051634342
VWE,0.000051485354
FLNT,0.000051482769
IRIX,0.000051241710
DSS,0.000051027071
ICCC,0.000050998070
PRTH,0.000050994436
NTIP,0.000050689585
SYPR,0.000050520394
APCX,0.000050519612
CURI,0.000050096020
ESP,0.000050070636
RIDE,0.000050070542
TOI,0.000049691754
ZDGE,0.000049687489
ICD,0.000049554088
CIX,0.000049473646
HNNA,0.000049455410
EVTV,0.000049442360
NLTX,0.000049162079
ESOA,0.000049021041
SOBR,0.000049013654
NCMI,0.000048674378
SIEN,0.000048363219
BFI,0.000048341170
BTCY,0.000048007305
AKLI,0.000047991987
VBFC,0.000047673038
MBOT,0.000047628309
LVOX,0.000047129044
SOTK,0.000047025836
TSHA,0.000046935593
UG,0.000046917366
AQB,0.000046704145
UAMY,0.000046296737
RGF,0.000046025250
CURO,0.000045901564
GRNA,0.000045858128
AIRT,0.000045677054
APRN,0.000045649804
BMTX,0.000045630726
ACXP,0.000045628174
ONTX,0.000045627942
LPCN,0.000045603740
SNDA,0.000045507573
LWAY,0.000045471023
PPSI,0.000045388477
UPXI,0.000045044928
AYRO,0.000045035969
RGLS,0.000044872401
FXLV,0.000044862447
OWLT,0.000044278353
OMQS,0.000044060367
PED,0.000044057732
INTG,0.000043551954
LSTA,0.000043526403
SRT,0.000043424545
TISI,0.000043392955
SLNG,0.000042849129
PTN,0.000042392240
CPTN,0.000042081454
OCX,0.000041942220
AGIL,0.000041524593
STRC,0.000041164135
AE,0.000041072338
KSCP,0.000040844406
BSQR,0.000040724735
RMCF,0.000040529463
CTHR,0.000040314517
BMRA,0.000040076574
CNTX,0.000040040183
INKT,0.000039988676
TARA,0.000039868677
INUV,0.000039836772
FSI,0.000039796834
SFE,0.000039694212
ASTC,0.000039642739
WVVI,0.000039616386
RAVE,0.000039542608
BRLT,0.000039500962
ANY,0.000039487082
NTWK,0.000039337074
SONM,0.000039120589
CFSB,0.000039039932
POCI,0.000039007372
VTVT,0.000038905603
MNTS,0.000038643464
CGRN,0.000038569976
BRID,0.000038530029
WATT,0.000038282688
LIDR,0.000038206381
RAIN,0.000038144788
OCC,0.000038102201
INAB,0.000038017616
UP,0.000037999490
CNVS,0.000037977552
FGH,0.000037912430
ABIO,0.000037759127
CSSE,0.000037725473
EAR,0.000037712365
NRXP,0.000037611640
MTEM,0.000037408363
DLPN,0.000037350045
XTNT,0.000037345814
CETY,0.000037323906
SFT,0.000037318944
ADN,0.000037312330
CCEL,0.000037241962
COEP,0.000037085231
NMTC,0.000036917549
BDL,0.000036766705
SSKN,0.000036659224
CVR,0.000036649899
AWRE,0.000036632168
BOXL,0.000036516414
ECOR,0.000036475150
ALZN,0.000036466435
FBRX,0.000036333915
PMD,0.000036080186
MAIA,0.000035930362
SNSE,0.000035819567
NXU,0.000035610376
UAVS,0.000035239699
MRKR,0.000035208228
SYBX,0.000035155848
CYN,0.000035086763
INFI,0.000034897521
LSBK,0.000034865576
MAYS,0.000034814235
TKNO,0.000034738530
SDIG,0.000034725876
CXAI,0.000034564947
KOSS,0.000034484965
AGE,0.000034379312
ELTX,0.000034289452
HUSA,0.000034269573
POAI,0.000034099409
JRSH,0.000033962788
RPID,0.000033900489
NICK,0.000033753855
CXDO,0.000033716908
IPDN,0.000033707780
HARP,0.000033627943
ONCT,0.000033625247
CADL,0.000033596620
DXR,0.000033527547
MPTI,0.000033487816
FPAY,0.000033372457
CYTH,0.000033354745
CLRB,0.000033273568
TLF,0.000033214694
AFIB,0.000033212700
VINC,0.000033104743
CTIB,0.000032647848
PATI,0.000032618167
AGAE,0.000032584507
MULN,0.000032547229
EFTR,0.000032455676
VAPO,0.000032238072
AUID,0.000031835662
ATHX,0.000031808513
XELB,0.000031758732
MBRX,0.000031672788
ZIVO,0.000031526186
COCP,0.000031386163
INTZ,0.000031192939
ACER,0.000031032608
VIA,0.000030669581
ZYNE,0.000030640133
IMPL,0.000030589430
NHWK,0.000030569456
SNTI,0.000030473686
TNXP,0.000030126753
CORR,0.000030118585
HGEN,0.000030118017
DXYN,0.000030014387
LUMO,0.000029831481
IMMX,0.000029827748
VEEE,0.000029772985
OPHC,0.000029679984
VIEW,0.000029628165
RNXT,0.000029556473
XWEL,0.000029328720
ACOR,0.000029193516
APDN,0.000029170867
CREX,0.000029168805
SGMA,0.000029114120
LGVN,0.000029104650
LINK,0.000028813435
SVT,0.000028813105
AMPG,0.000028735353
CISO,0.000028667116
AINC,0.000028648907
RVP,0.000028568043
SEAC,0.000028528869
EKSO,0.000028484708
RVYL,0.000028403314
TFFP,0.000028230953
LGL,0.000028190961
NTRB,0.000028166351
ZEV,0.000028140954
DWSN,0.000028075446
LUCD,0.000028018907
AWH,0.000027962208
TOVX,0.000027888682
OPXS,0.000027498693
ONVO,0.000027157716
IPW,0.000027145119
WYY,0.000027119846
KA,0.000027090096
GOVX,0.000026819066
MODD,0.000026787226
SDPI,0.000026532458
USEG,0.000026430513
EQ,0.000026177042
BPTH,0.000025980940
TBIO,0.000025958069
WTER,0.000025912281
MTEX,0.000025779257
VERY,0.000025468212
CEI,0.000025271957
VTGN,0.000025209897
SNCE,0.000025163882
VVOS,0.000025119928
SUNL,0.000025116799
IKT,0.000024911375
SGRP,0.000024215637
TAIT,0.000024145977
VLCN,0.000024121428
BBIG,0.000023805986
DALN,0.000023789382
IRNT,0.000023658710
CKX,0.000023641989
PETV,0.000023621727
NNVC,0.000023501901
BRN,0.000023410015
MARK,0.000023338977
UPH,0.000023274758
BWV,0.000023200092
SWAG,0.000023080483
SALM,0.000022956521
VGAS,0.000022468929
BRTX,0.000022405506
LOCL,0.000022405229
ACRX,0.000022360213
TPHS,0.000022252780
NOVN,0.000022213879
STRR,0.000022066935
SNAX,0.000021916575
NYC,0.000021834038
CHCI,0.000021829921
TRT,0.000021801570
COYA,0.000021793349
PZG,0.000021748377
FREQ,0.000021670009
IMNN,0.000021639525
BRFH,0.000021579054
CPIX,0.000021541732
DGICB,0.000021425752
SRZN,0.000021354402
ATIP,0.000021107102
BBGI,0.000021076796
DOMH,0.000020947292
ELYM,0.000020905784
ENG,0.000020725103
GTBP,0.000020460440
KAVL,0.000020331866
SHFS,0.000020329555
VRME,0.000020315124
MDVL,0.000020016611
ALIM,0.000019935513
NCSM,0.000019911678
JOAN,0.000019907613
VNCE,0.000019882373
JCTCF,0.000019872011
INDP,0.000019844587
SHPW,0.000019836067
YTEN,0.000019713776
AKU,0.000019524808
NVVE,0.000019374637
INLX,0.000019298289
BLIN,0.000019267643
PCSA,0.000019129131
PALT,0.000019080288
KINS,0.000019048748
MXC,0.000018975011
BTTX,0.000018958029
CARV,0.000018939083
FUV,0.000018768452
VISL,0.000018736265
BIAF,0.000018685800
ABVC,0.000018666213
APVO,0.000018645360
PFIN,0.000018556677
SLGG,0.000018548337
SQFT,0.000018499939
EVLO,0.000018457328
FATH,0.000018261071
LASE,0.000018188758
NEPH,0.000017980764
IBIO,0.000017950268
NMTR,0.000017917930
MRIN,0.000017826906
DERM,0.000017776993
AMS,0.000017568749
DTST,0.000017435828
APRE,0.000017340110
BTBD,0.000017276710
POLA,0.000017204746
XOS,0.000017107452
BRDS,0.000017093802
TOMZ,0.000017016473
UGRO,0.000016660944
BTCS,0.000016621579
MITQ,0.000016481925
CLRO,0.000016457355
PEGY,0.000016336753
SSNT,0.000016331624
PRPO,0.000016012359
AIRI,0.000016002300
AUMN,0.000015920229
TSRI,0.000015877449
MGLD,0.000015831787
TLIS,0.000015464664
OLB,0.000015321706
OTRK,0.000015312045
CING,0.000015053703
SGBX,0.000015033116
AMTI,0.000014972034
TPST,0.000014923638
MRAI,0.000014865986
GREE,0.000014635362
NSYS,0.000014611181
GIPR,0.000014362339
ISPC,0.000014285792
LFLY,0.000014268191
CDIO,0.000014231618
BFRI,0.000014080583
FGF,0.000014060028
FNCH,0.000013883552
DRCT,0.000013726957
FAZE,0.000013659760
AXLA,0.000013348006
AEI,0.000013197869
RBT,0.000013054567
SIDU,0.000012788461
VCNX,0.000012603892
GVP,0.000012512447
FORD,0.000012467461
AUVI,0.000012134682
IDAI,0.000011854690
TCON,0.000011619326
ALBT,0.000011545642
ELSE,0.000011302402
ISIG,0.000011247370
KBNT,0.000011202085
AULT,0.000011186476
SIF,0.000011065157
AAME,0.000010872766
RDIB,0.000010854220
ARTW,0.000010759682
FEMY,0.000010544169
ACGN,0.000010127448
QRTEB,0.000009987048
FRZA,0.000009914284
CNFR,0.000009911420
BFRG,0.000009273215
PSTV,0.000009111259
ISUN,0.000009041694
CMRA,0.000009021163
LIXT,0.000008954661
VERO,0.000008391273
MGOL,0.000008274111
SNAL,0.000008137413
MIMO,0.000008004970
BTTR,0.000007687366
FGI,0.000007576512
MNPR,0.000007296133
WHLM,0.000007227687
SOFO,0.000006877126
MSN,0.000006868048
CTM,0.000006545950
PXMD,0.000006356751
HPCO,0.000006100095
DMS,0.000006082193
PIXY,0.000006035522
JEWL,0.000005573152
LUCY,0.000005554156
FATBB,0.000005298334
AVTX,0.000004755397
PEV,0.000004352213
ID,0.000004016892
APGN,0.000003908943
TNON,0.000003711282