FICO,0.004048014724
BLDR,0.003672471337
TRGP,0.003623820522
EXAS,0.003568703557
ATO,0.003541568034
ENTG,0.003494891767
IEX,0.003427568773
PTC,0.003370903646
RS,0.003364167578
FWONK,0.003110825254
BAH,0.003110152377
BG,0.002993593909
DECK,0.002930381676
GGG,0.002909450170
AXON,0.002885494830
JBL,0.002866303654
LSCC,0.002786101474
CSL,0.002754669959
FCNCA,0.002740860511
TECH,0.002707647917
NDSN,0.002694665435
WSO,0.002686137605
PEN,0.002634266932
MANH,0.002612100107
KIM,0.002575488674
GLPI,0.002544687152
ACM,0.002480161565
OC,0.002477520230
RPM,0.002437062143
LECO,0.002409347679
LSI,0.002383608899
ARMK,0.002363734886
DT,0.002361921674
ELS,0.002361797947
SMCI,0.002342906956
FIVE,0.002304931344
AMH,0.002292741865
PSTG,0.002270172267
PNR,0.002245031696
CHK,0.002242138253
TTC,0.002233390054
ALLE,0.002223872493
APA,0.002221654464
FND,0.002211275356
SWAV,0.002202409210
DKNG,0.002197673369
LII,0.002195014920
UTHR,0.002179160450
WYNN,0.002152260929
RRX,0.002149062847
DAR,0.002144493875
SRPT,0.002135100651
CUBE,0.002114048837
TPR,0.002090209969
REXR,0.002084356470
CDAY,0.002078063667
USFD,0.002070378473
HWM,0.002049829432
CGNX,0.002038604906
WSC,0.002037081248
WTRG,0.002000731744
INSP,0.001995289988
UHS,0.001987169898
PFGC,0.001981765543
CHDN,0.001975688410
RNR,0.001973963217
OVV,0.001961286765
SCI,0.001954298644
GNRC,0.001954095494
NCLH,0.001945495529
RGA,0.001944370114
PNW,0.001943759160
NBIX,0.001938591783
WCC,0.001934272912
FBIN,0.001920781571
CASY,0.001914628203
SAIA,0.001914106063
HII,0.001912847934
AOS,0.001909633913
APLS,0.001899939481
HUBB,0.001871720345
FFIV,0.001863322697
KBR,0.001860379611
EME,0.001850987176
STLD,0.001842685656
COLD,0.001838515215
TTEK,0.001836301342
LAMR,0.001829415566
CLF,0.001818799692
NRG,0.001813671768
AFG,0.001811445767
NVT,0.001803479700
WMS,0.001798358231
HAS,0.001796904857
XRAY,0.001791544103
KNX,0.001790727369
LEA,0.001785081002
BJ,0.001784043738
BLD,0.001779449088
LW,0.001764362377
LAD,0.001763756068
AGCO,0.001761940487
TOL,0.001752464569
THC,0.001747746842
MASI,0.001738724428
KNSL,0.001734209759
BBWI,0.001718436407
WHR,0.001716554772
CHE,0.001714095966
NYCB,0.001710078118
CG,0.001706287291
ARW,0.001704629597
WSM,0.001693233346
CLH,0.001686905479
UNM,0.001683417234
MIDD,0.001666773605
FRT,0.001661947211
DKS,0.001657895530
BRO,0.001645552316
WEX,0.001643355770
NNN,0.001641566725
CACI,0.001636778932
PCTY,0.001627467004
EGP,0.001624334198
IVZ,0.001622669756
RHI,0.001622418001
ITT,0.001618178981
ATR,0.001599387928
DCI,0.001597208810
NATI,0.001590263646
RGLD,0.001588273404
JAZZ,0.001588142701
SITE,0.001586171583
VRT,0.001585385597
TXRH,0.001584951844
RGEN,0.001576496585
GXO,0.001574045851
EWBC,0.001573341114
IPG,0.001568892737
MTZ,0.001568016885
JLL,0.001567882022
EQT,0.001566914184
GPK,0.001554988390
ALLY,0.001540676743
BERY,0.001535033130
AXTA,0.001531372667
LFUS,0.001524043709
PRI,0.001520993703
MKSI,0.001520641704
OGE,0.001515325012
OHI,0.001515322029
HR,0.001513194590
SEIC,0.001507027914
WWD,0.001504053516
TREX,0.001502860641
COHR,0.001497028977
SKX,0.001489701386
BRKR,0.001485331218
VOYA,0.001484700330
CW,0.001483668019
IRDM,0.001483271644
SPSC,0.001478278283
RMBS,0.001471560335
ACHC,0.001467044068
FR,0.001466648170
POOL,0.001463642249
WOLF,0.001457850862
LSTR,0.001457647870
G,0.001457647370
MAT,0.001457174774
KRTX,0.001454108766
ST,0.001449253725
GNTX,0.001440705329
GTLS,0.001438443027
ALK,0.001433154188
DBX,0.001431492865
RRC,0.001419843511
OLN,0.001416945166
AIZ,0.001407852798
SOFI,0.001405281235
INGR,0.001399946412
ORI,0.001397296013
CROX,0.001395890647
SWN,0.001394454145
NTNX,0.001393190163
BRX,0.001393069908
WBS,0.001389819795
EXP,0.001389805303
NOVT,0.001388805444
TPX,0.001380021580
BWXT,0.001378924591
PII,0.001377389892
XPO,0.001368153352
MSA,0.001367219921
OLED,0.001365492226
FCN,0.001361659674
EHC,0.001358574543
STAG,0.001355986712
DINO,0.001355581234
HXL,0.001351340844
CIEN,0.001335288984
NOV,0.001330559083
RBC,0.001329875751
CELH,0.001327514865
GME,0.001323318037
LNW,0.001320015214
CFR,0.001313062534
EXEL,0.001311085211
PDCE,0.001310809520
AR,0.001310660724
GWRE,0.001307435681
HOOD,0.001304502142
CMC,0.001299387751
CHX,0.001294691394
NYT,0.001291815881
BC,0.001290790439
MUSA,0.001285037277
JKHY,0.001284579647
ADC,0.001283975721
SAIC,0.001279497457
CHRD,0.001279048565
LDOS,0.001278504999
FHN,0.001276999817
AA,0.001275319986
AGNC,0.001271401238
SF,0.001267533575
ATKR,0.001266857132
AN,0.001265400026
WING,0.001263817967
ACLS,0.001263472871
HST,0.001260978256
TKR,0.001256471590
TAP,0.001250840243
MTDR,0.001248094993
SSD,0.001245119817
WH,0.001240457688
RLI,0.001239494533
FIX,0.001237367786
FIVN,0.001236414130
AAL,0.001233817736
ELF,0.001229375485
VMI,0.001226615517
SIGI,0.001222884957
SON,0.001218051651
SEE,0.001216811119
STWD,0.001211831965
LNTH,0.001208181273
PLNT,0.001207140892
UFPI,0.001206192441
ONTO,0.001201056436
ATI,0.001197893721
MUR,0.001196622609
NXST,0.001195294228
OSK,0.001191538898
UNVR,0.001191137216
UGI,0.001189448843
DXC,0.001189376566
CFLT,0.001187446967
AIT,0.001179481687
FAF,0.001177955035
MHK,0.001176433432
CIVI,0.001175610922
CMA,0.001175111738
IONS,0.001175107686
SRC,0.001172314956
OPCH,0.001168997426
PATH,0.001168348866
MPW,0.001167257908
NVST,0.001167135529
EEFT,0.001165825279
CC,0.001159273164
MEDP,0.001157453415
ITCI,0.001151740877
CBSH,0.001151692860
RH,0.001148129417
POWI,0.001143911562
ISEE,0.001141999816
JEF,0.001141798788
AMG,0.001140090655
TDC,0.001137654973
HQY,0.001136987092
AIRC,0.001133732397
CRL,0.001133621476
W,0.001126831105
BFAM,0.001126045225
PVH,0.001124034917
ERIE,0.001124032045
OGN,0.001118289497
NTRA,0.001113230744
REG,0.001112693227
AGL,0.001110289259
OMF,0.001109992750
RHP,0.001099223327
CZR,0.001097730553
VVV,0.001097341548
ALKS,0.001095485703
OWL,0.001094392685
IDA,0.001093956450
AYI,0.001092551607
ABG,0.001090771675
ALSN,0.001083135016
MMS,0.001082259747
APG,0.001080721548
X,0.001073928012
H,0.001073093406
CWST,0.001070239305
ENSG,0.001069675366
MTN,0.001069612809
PB,0.001065794992
TMHC,0.001065093537
JNPR,0.001061384192
WTS,0.001060940296
PCOR,0.001059373427
VNT,0.001056060983
DVA,0.001055949660
MORN,0.001054650957
TRNO,0.001054236020
TENB,0.001053640893
SSB,0.001052532189
THO,0.001050334108
HLI,0.001048863569
DLB,0.001047595644
MTH,0.001046915191
ELAN,0.001043964100
ESTC,0.001042829370
NLY,0.001041061038
TXG,0.001038971990
LTHM,0.001038440048
UHAL.B,0.001036147405
BYD,0.001033594625
KRG,0.001032309657
VST,0.001031518065
AZPN,0.001030836203
FLS,0.001026505232
NSIT,0.001025541671
LPX,0.001024280019
BRBR,0.001024058108
HRB,0.001022524809
EQH,0.001018798161
RIG,0.001018779235
SMAR,0.001017704961
MMSI,0.001013142860
DTM,0.001011895565
SLAB,0.001010206521
WFRD,0.001008453043
WK,0.001008108634
IAC,0.001006387705
EXLS,0.001005214142
ESNT,0.001004706271
HALO,0.001000700801
EXPO,0.000999483568
MLI,0.000995670506
DUOL,0.000993760927
NFG,0.000993398355
HUN,0.000993325150
FN,0.000993231657
GL,0.000993097428
RYN,0.000980565859
PBF,0.000978886036
GMED,0.000977256613
KEX,0.000972739856
AVT,0.000971496206
PRGO,0.000967959906
FOXF,0.000967114009
TRTN,0.000965884790
NE,0.000965243652
NJR,0.000964253891
FYBR,0.000963553618
RL,0.000960868939
HOG,0.000959807671
CAR,0.000957828966
GATX,0.000957469715
APP,0.000954030717
QLYS,0.000953891536
MTG,0.000953502989
POR,0.000953309369
RITM,0.000951506008
CPRI,0.000950557879
SUM,0.000947517872
WWE,0.000942288383
OZK,0.000941881474
WTFC,0.000936253672
CRUS,0.000935556128
ENS,0.000935341716
SNX,0.000934348617
POST,0.000930911279
AL,0.000929906325
NVCR,0.000928639770
HOMB,0.000925466390
WU,0.000925442783
M,0.000920878744
LNC,0.000920243210
SYNH,0.000920213903
BPOP,0.000917723221
BCPC,0.000915353195
SHLS,0.000914508113
RYAN,0.000912772081
AMN,0.000911449926
BMI,0.000911366022
NSP,0.000909904772
SWX,0.000908656154
HAE,0.000906592947
CR,0.000905393033
SRCL,0.000904511768
MSM,0.000901227714
EVR,0.000898661810
MDU,0.000898407010
OGS,0.000896366379
FLR,0.000893274251
NEOG,0.000891735629
COLB,0.000890683710
PCH,0.000889846593
FLO,0.000888379384
BKI,0.000887782092
PCVX,0.000887358154
AJRD,0.000886922649
DV,0.000886307967
SNV,0.000884681660
COTY,0.000883271624
AEIS,0.000881330516
ESI,0.000878927442
ASO,0.000877488311
CNMD,0.000875376573
QDEL,0.000872439821
GTLB,0.000872277245
FNB,0.000870261622
PNFP,0.000870164882
ASH,0.000870132252
AXS,0.000869646705
DEN,0.000868042242
AAON,0.000866966739
AZEK,0.000866884135
IRT,0.000862132146
ORA,0.000860306766
ONB,0.000859354682
ICUI,0.000858258632
VC,0.000857762024
BDC,0.000857487212
BXP,0.000856329228
ALTR,0.000853477514
TPL,0.000853428197
FELE,0.000851235175
BOX,0.000848558316
DIOD,0.000846376842
BKH,0.000846313559
MAN,0.000843553519
UBSI,0.000843480462
PECO,0.000842237229
ZION,0.000838107947
BECN,0.000835873445
HE,0.000835690168
SLM,0.000833396973
RDN,0.000832761664
ROKU,0.000831171154
TDOC,0.000829458796
ETRN,0.000828876331
GH,0.000825924444
TOST,0.000821362210
AM,0.000820583759
FOUR,0.000819431005
IOT,0.000817387160
SLGN,0.000816895621
GT,0.000816894673
LANC,0.000816216445
PNM,0.000815599877
FFIN,0.000813901399
JBT,0.000813209900
AEL,0.000812922079
IPGP,0.000812202271
TEX,0.000811912332
FUL,0.000810559931
VAC,0.000808954845
KBH,0.000808837845
BLKB,0.000807758994
BPMC,0.000805146324
SM,0.000803133328
ESAB,0.000802047907
WAL,0.000799311766
SFM,0.000797440987
MGY,0.000795417096
CBT,0.000791262158
ZWS,0.000790986525
VSH,0.000790284271
LEG,0.000789154464
R,0.000789015398
AVNT,0.000784778820
WRK,0.000784355098
CTLT,0.000781466711
FSS,0.000780328648
HRI,0.000780257984
PENN,0.000780255308
LITE,0.000780063508
NEWR,0.000774387440
SPXC,0.000773846670
ACA,0.000773233818
WEN,0.000772548675
RUN,0.000770751684
TGNA,0.000769945787
SMPL,0.000767146911
DOCS,0.000765736552
THG,0.000765702730
ARWR,0.000762994136
JHG,0.000760861305
CHH,0.000757526470
OLLI,0.000756073340
CADE,0.000755991420
BCC,0.000753613336
FOLD,0.000753050787
CNXC,0.000752862501
AI,0.000750942947
SKY,0.000747310678
HGV,0.000746577652
ASGN,0.000746279412
KRC,0.000742495207
EPR,0.000742263155
EPRT,0.000738171819
MTSI,0.000733984645
RCM,0.000731530518
GPI,0.000730588213
CUZ,0.000728684777
GBCI,0.000728096276
PAG,0.000726711009
LAZ,0.000722252317
NTLA,0.000719425003
BXMT,0.000717601604
FCFS,0.000715266618
NWE,0.000714756999
IBP,0.000712963159
WTM,0.000712603992
MDGL,0.000712086675
SYNA,0.000710973323
S,0.000710281422
YETI,0.000709055530
TWNK,0.000708700646
NCR,0.000708154615
VLY,0.000704878680
TGTX,0.000703671589
VFC,0.000703431160
DOC,0.000702680951
SANM,0.000701701132
ALE,0.000700030858
OMCL,0.000699708850
AWI,0.000698306369
OI,0.000697793616
PINC,0.000693939878
OTTR,0.000693890004
TPH,0.000692996381
MSGS,0.000690469093
ITRI,0.000689995230
HP,0.000689568480
GKOS,0.000687110795
CACC,0.000686895419
EVH,0.000683285988
NWL,0.000683130740
SEM,0.000682668841
ARRY,0.000682375091
APPF,0.000677839309
AWR,0.000677767461
ALIT,0.000677591357
HI,0.000676476610
SPB,0.000674280823
CRC,0.000673179669
CVLT,0.000672802247
LOPE,0.000668136425
SR,0.000667859050
DY,0.000667754933
FRPT,0.000667208645
BHF,0.000667001119
ZD,0.000663033294
AMBA,0.000662994202
AGO,0.000662750287
ENOV,0.000662583762
HWC,0.000661230510
VNO,0.000660005768
ESGR,0.000659825783
SGRY,0.000659365063
PLUG,0.000657297491
APLE,0.000656152230
MOG.A,0.000656068400
SDGR,0.000655929597
WIRE,0.000653861447
TNET,0.000653855227
RARE,0.000653831525
COOP,0.000653465469
KMPR,0.000650646097
AFRM,0.000647446367
SPR,0.000647065757
DNB,0.000642570501
FHI,0.000642276386
AZTA,0.000640903239
FLYW,0.000640858150
LCII,0.000639828317
DNLI,0.000638315786
ALGM,0.000638280437
KD,0.000636540342
IRTC,0.000636225756
MC,0.000635873196
PTCT,0.000635712099
VSAT,0.000635164233
ROG,0.000634860416
LYFT,0.000634618165
MSTR,0.000634550830
SXT,0.000633079838
HL,0.000631496217
BE,0.000631148357
BCO,0.000630285923
PACB,0.000630205667
CABO,0.000629218509
AMED,0.000627752840
AVA,0.000626841644
PGNY,0.000625988796
ARNC,0.000624747538
CYTK,0.000624434213
PBH,0.000622206132
ITGR,0.000621235494
FOCS,0.000620736629
BL,0.000617293275
COKE,0.000616798755
CCOI,0.000616387320
PDCO,0.000616214210
TNL,0.000616079056
AMKR,0.000615863027
ACAD,0.000615448812
JOBY,0.000613778132
AIN,0.000613168686
SHAK,0.000612977905
ENV,0.000612253745
JBLU,0.000612087155
PRFT,0.000611636722
CNM,0.000610619559
CWT,0.000609055943
BNL,0.000608974832
INSM,0.000606510160
IART,0.000603284169
RETA,0.000603218567
MGEE,0.000602749856
GMS,0.000602213531
LXP,0.000601017337
THS,0.000597742108
SAM,0.000596656708
ABM,0.000594014024
CALX,0.000592093620
SIG,0.000589387276
NPO,0.000587363774
CNX,0.000587246274
VRNS,0.000585213114
NSA,0.000583190686
MODG,0.000582160320
FWRD,0.000580329974
MDC,0.000576389885
UCBI,0.000575981271
WHD,0.000575428145
CRS,0.000574146489
CXT,0.000573398830
SBRA,0.000573313297
PRVA,0.000572635273
PLXS,0.000572223816
NEU,0.000570866474
GO,0.000570474628
AYX,0.000568506486
LGIH,0.000568470435
APAM,0.000566950683
FTAI,0.000565074826
AXSM,0.000564092378
ESE,0.000562387645
VRRM,0.000562354028
BTU,0.000561284107
RNG,0.000561267965
NARI,0.000560254764
FRSH,0.000560133260
DNA,0.000559113594
RXO,0.000558454646
MATX,0.000557850180
MP,0.000556544833
FORM,0.000556185323
SMG,0.000555447974
COLM,0.000555283444
KWR,0.000553757875
PK,0.000553295822
HASI,0.000552563216
HLNE,0.000550586272
FTDR,0.000549273840
CRI,0.000547652214
HELE,0.000547078420
KFY,0.000547015467
RPD,0.000546964185
VRNT,0.000546084344
PR,0.000544296490
IDCC,0.000543974326
CNO,0.000542709093
HHC,0.000540260252
WDFC,0.000539466607
RVMD,0.000539250463
KSS,0.000537812681
RUSHA,0.000537735509
AXNX,0.000535747874
STAA,0.000535329051
MWA,0.000534874842
FL,0.000533641724
JXN,0.000531991562
HIW,0.000531245262
VIAV,0.000531004237
WERN,0.000530928802
CBU,0.000530678468
UPST,0.000530167688
PRGS,0.000530117965
ACIW,0.000528787021
WD,0.000527780838
LSXMK,0.000527513017
HUBG,0.000526880500
IOSP,0.000526267723
CHPT,0.000523106567
CVNA,0.000521875421
IBOC,0.000520589179
REZI,0.000520002685
TCBI,0.000519403249
VIR,0.000519307268
GPS,0.000519033182
PTON,0.000517359384
AVAV,0.000517194273
ALRM,0.000515532256
MAC,0.000510730144
ABR,0.000509087672
IMGN,0.000508825092
PZZA,0.000507964634
ENR,0.000505687539
EVTC,0.000504981927
GNW,0.000503493258
SAGE,0.000503227399
DBRG,0.000501712556
YELP,0.000501661308
IPAR,0.000501647044
PTEN,0.000498923759
MQ,0.000498449442
UMBF,0.000497927257
KTB,0.000497411041
MTRN,0.000495853772
CWEN,0.000495733017
SITC,0.000495415438
BLMN,0.000494550777
HCP,0.000494208563
UNF,0.000493266246
OUT,0.000491792011
ASB,0.000490163646
HTZ,0.000488561978
WSFS,0.000488339557
DOCN,0.000488204447
RRR,0.000487585468
BEAM,0.000487095199
FHB,0.000484164234
AMC,0.000481302181
KMT,0.000480158397
MXL,0.000478634443
LUMN,0.000478211245
DOOR,0.000477248580
MGRC,0.000476911941
ABCB,0.000475017265
ARCB,0.000473675297
SHOO,0.000471149870
CATY,0.000467340250
ATRC,0.000466731434
AX,0.000466635032
KNF,0.000466579569
DAN,0.000465248766
SKT,0.000464623121
MARA,0.000464385826
FBP,0.000462882148
CERT,0.000459908004
NUVA,0.000459583419
PIPR,0.000459016096
RELY,0.000458631754
IONQ,0.000458439326
CPE,0.000457142289
BRZE,0.000456445942
NHI,0.000455233818
HLIO,0.000454558594
ENVX,0.000450849497
ACVA,0.000447966786
STR,0.000446347089
CCCS,0.000445184894
EQC,0.000444849197
DORM,0.000444243441
LBRT,0.000443943301
SPT,0.000443909014
SHO,0.000441572413
SONO,0.000441495037
NTCT,0.000441386265
CARG,0.000440801478
ADT,0.000440506878
AAP,0.000440143971
SFNC,0.000439613925
OPEN,0.000439590710
TRN,0.000439563144
AEO,0.000437554990
BRC,0.000437136987
WOR,0.000436943519
CBRL,0.000434859496
GHC,0.000432226742
NEO,0.000431945518
IIPR,0.000431240687
PEGA,0.000430852770
PI,0.000427876197
B,0.000427376075
SCL,0.000427310666
DEI,0.000427226485
NCNO,0.000427154547
HCC,0.000426633358
AMR,0.000426023107
PSN,0.000425404329
EPC,0.000423116492
NGVT,0.000422925959
ARCH,0.000421459549
SFBS,0.000421184004
URBN,0.000420482098
FIBK,0.000419404804
JACK,0.000418963474
YOU,0.000418599959
APPN,0.000417834216
JWN,0.000417708654
PPBI,0.000417400357
ALGT,0.000416765910
CTRE,0.000416226839
FROG,0.000416217965
FULT,0.000415606273
SEAS,0.000414645400
RIOT,0.000414199428
GFF,0.000412854049
EBC,0.000410247778
AUB,0.000410019197
SITM,0.000409204098
QS,0.000408912629
KW,0.000407639416
SLG,0.000407569906
BBIO,0.000407137462
NXT,0.000403131528
MRCY,0.000402865498
WLK,0.000401601726
AIR,0.000401238277
EYE,0.000399614877
MRTX,0.000398632209
OII,0.000397017680
BOKF,0.000396723914
MTX,0.000395548643
SAVE,0.000394658273
THRM,0.000394414218
INDB,0.000393099766
SHC,0.000392490939
PD,0.000389433456
FFBC,0.000389289644
VCYT,0.000388603982
SIX,0.000387488021
PSMT,0.000386979226
JOE,0.000386421881
KTOS,0.000385520377
JJSF,0.000385403617
CRVL,0.000384744217
NOVA,0.000381317618
SKYW,0.000381210088
CORT,0.000380939544
CNK,0.000380396915
FSLY,0.000379764845
RAMP,0.000379580097
TPG,0.000378602439
MYGN,0.000378377517
ANF,0.000377501104
OSIS,0.000373745683
MGNI,0.000370400194
CVBF,0.000370234548
PFSI,0.000369775514
NEX,0.000369029172
PCRX,0.000368836464
GVA,0.000367769631
CERE,0.000367648537
WAFD,0.000367607929
ASAN,0.000365505331
GTES,0.000364275452
PWSC,0.000364060485
UE,0.000363085280
PEB,0.000361582245
LAUR,0.000360317308
QTWO,0.000359938655
VGR,0.000357819656
GEF,0.000357630502
CALM,0.000356082593
FRME,0.000354964153
SXI,0.000354769112
JBGS,0.000353135434
HLMN,0.000350972528
BANF,0.000350737261
KAR,0.000350194520
GOLF,0.000349220861
NUS,0.000349077111
KN,0.000347698158
DISH,0.000347170881
NFE,0.000347045486
NAVI,0.000346537633
PLAY,0.000345711990
LAZR,0.000345686527
HAYW,0.000345683543
BOH,0.000344414245
SMTC,0.000343074468
ODP,0.000342650624
PRIM,0.000342054251
EAT,0.000341578433
FWONA,0.000341549706
ROIC,0.000340778438
BMBL,0.000340457074
XRX,0.000340049576
BKU,0.000337828021
ARI,0.000337099505
TRIP,0.000336939803
CAKE,0.000336705065
DRH,0.000336338100
CSGS,0.000334442716
DRVN,0.000334351848
TNDM,0.000334110949
RKLB,0.000332796872
BRP,0.000332758906
AMRC,0.000332116973
DK,0.000331665640
AGIO,0.000331630761
BFH,0.000331464229
AVDX,0.000330088188
MIR,0.000329745559
EXPI,0.000327808519
SUPN,0.000327761466
PJT,0.000327490921
LESL,0.000327334993
RLJ,0.000327143523
HURN,0.000326501495
VIRT,0.000326405301
EPAC,0.000325271653
AROC,0.000321469915
TOWN,0.000320991570
LRN,0.000320706222
NWN,0.000318351373
XNCR,0.000317706508
HBI,0.000317615057
GTY,0.000317396390
STRA,0.000316335554
PRG,0.000316328390
TNC,0.000316316062
BGCP,0.000315924046
BANR,0.000315901650
TROX,0.000314768008
PRK,0.000313889004
IVT,0.000312667803
REYN,0.000312487845
OXM,0.000310727670
OSTK,0.000310158557
CNNE,0.000309406920
PYCR,0.000308130163
RLAY,0.000305724845
ELME,0.000303840612
WSBC,0.000303691914
SVC,0.000302909484
HTH,0.000301693869
CENTA,0.000301182628
TTMI,0.000300426676
CNS,0.000300050555
ATGE,0.000299736251
IOVA,0.000299618632
WLY,0.000299554371
ZUO,0.000298448447
JELD,0.000298307968
HEES,0.000298078411
CRDO,0.000297354990
IRWD,0.000296004119
ANDE,0.000295187850
PCT,0.000294899925
CMP,0.000294695229
MRVI,0.000293585455
UPBD,0.000293479575
RNST,0.000293364631
OMI,0.000290411685
SQSP,0.000290052507
COUR,0.000289411052
AKR,0.000288662787
VRTS,0.000288067503
LTC,0.000287988104
AMEH,0.000287348861
UAA,0.000287049148
VSCO,0.000285504265
PRCT,0.000285188391
ALEX,0.000284172413
XHR,0.000283958107
NWBI,0.000283767850
ZNTL,0.000282803629
TWO,0.000282679964
CIM,0.000282150362
CMTG,0.000281015347
JAMF,0.000280450063
SBH,0.000279854999
CODI,0.000279468206
STEP,0.000278904084
HIMS,0.000278568652
LNN,0.000276775435
SWTX,0.000276311993
MDRX,0.000275544211
RDFN,0.000275449576
GBX,0.000275385171
CWK,0.000273926204
NBTB,0.000273508620
CXM,0.000271869690
CHCO,0.000271433961
KRYS,0.000271212157
NNI,0.000270559217
LEVI,0.000270423000
ATSG,0.000270332856
DDS,0.000269617762
PRO,0.000268909137
LZ,0.000267526900
BOOT,0.000266837767
VECO,0.000265697194
CARS,0.000264685923
GSHD,0.000264452660
IAS,0.000264099945
VRE,0.000263519748
HLF,0.000262140483
HNI,0.000261796961
LADR,0.000261178106
OFG,0.000261151277
EMBC,0.000260733186
DDD,0.000260672492
FCF,0.000260511696
LZB,0.000260311994
MATW,0.000259823046
CWAN,0.000258865268
VICR,0.000258598010
WKC,0.000257161678
WNC,0.000256487323
CVCO,0.000255851162
MNRO,0.000255493238
IBTX,0.000255274713
HMN,0.000255230031
PAYO,0.000255174116
KFRC,0.000255110771
LSXMA,0.000254282710
CWH,0.000253793276
AIV,0.000253434793
SILK,0.000251850319
AVNS,0.000251307714
MD,0.000250763870
UA,0.000250442564
IRBT,0.000249916432
LGND,0.000249259717
PMT,0.000248664842
PFS,0.000247119285
BROS,0.000246351339
FBRT,0.000245470676
UVV,0.000245445630
UNFI,0.000244655470
TRMK,0.000244564324
HRMY,0.000244478921
AMLX,0.000244225802
ZETA,0.000243697989
MEI,0.000241431841
MFA,0.000241340381
TRS,0.000240336989
SSTK,0.000240284799
SAFE,0.000239760199
AUR,0.000238905511
ECVT,0.000238397257
COMP,0.000238036587
FIZZ,0.000237739498
CRK,0.000237378710
ARVN,0.000237347904
YEXT,0.000236973657
COMM,0.000236403167
UPWK,0.000236373776
CRNC,0.000235826427
HAIN,0.000235746546
MLKN,0.000235503353
FSR,0.000235157020
PTLO,0.000234969832
ADEA,0.000234329523
MSGE,0.000234071700
TWST,0.000234023809
WWW,0.000233550934
DNOW,0.000233491153
HCSG,0.000233384110
UNIT,0.000232230090
ETWO,0.000231914388
SCHL,0.000231491834
TMCI,0.000231376235
SNDR,0.000230878726
NBHC,0.000230726812
EVBG,0.000229812034
FLNC,0.000229702740
KALU,0.000229098075
CLB,0.000228583880
ECPG,0.000228511492
OM,0.000226828959
SG,0.000225387368
GNL,0.000224917089
UTZ,0.000223597901
SABR,0.000223170805
ZIP,0.000222922012
APOG,0.000222736144
LMND,0.000222027199
SYM,0.000221686515
BKE,0.000220687988
ARR,0.000219552681
ARGO,0.000219402183
WMK,0.000218332257
OSCR,0.000217808621
LGF.B,0.000217553053
ASTE,0.000217472450
AZZ,0.000216703074
WABC,0.000215032849
CXW,0.000214065258
LPRO,0.000213732761
SAFT,0.000213393399
CHGG,0.000212777907
STBA,0.000212064246
EIG,0.000211838456
MED,0.000211395250
LC,0.000209723016
DNUT,0.000208797630
FIGS,0.000208580439
IMVT,0.000208482541
FDP,0.000208002922
INTA,0.000207742966
EAF,0.000204439992
PACW,0.000202680105
HOPE,0.000202105801
LTH,0.000202069621
WRBY,0.000201884689
FORG,0.000201770996
ROCK,0.000201569319
ESRT,0.000201233205
BGS,0.000201184369
VREX,0.000200621643
CMPR,0.000197919657
RGR,0.000197586065
CWEN.A,0.000196902189
SPCE,0.000196353474
SHEN,0.000195408083
INFN,0.000195151514
AXL,0.000193697924
NABL,0.000193432354
CSR,0.000193404297
PRLB,0.000192998834
RTL,0.000191120512
RPT,0.000190853922
CVI,0.000190369847
PDM,0.000189382836
AHCO,0.000189214070
MCW,0.000188177427
NX,0.000188029308
THR,0.000187762752
SOVO,0.000187720774
KYMR,0.000187525369
DRS,0.000186323029
APPS,0.000184735241
FCEL,0.000184641749
BRSP,0.000184253366
AAT,0.000184207940
BHE,0.000184168364
BHLB,0.000183712910
ADPT,0.000183612102
WT,0.000183371794
CTKB,0.000183075047
UDMY,0.000182494618
NVRO,0.000182233014
DIN,0.000181931644
XMTR,0.000181399974
JBI,0.000181266510
NMRK,0.000180708897
SPWR,0.000180625025
GEO,0.000180603702
NXGN,0.000180382121
CDE,0.000179344599
PRAA,0.000179142071
STEM,0.000178059985
VERX,0.000177025392
OPK,0.000176624050
MCY,0.000176564192
GDOT,0.000174646571
RXRX,0.000174358023
SEB,0.000174161719
MPLN,0.000174131196
TDS,0.000173177508
SNCY,0.000173155101
AVTA,0.000172851762
PGRE,0.000172322797
PRA,0.000171768070
VERV,0.000171253965
ACT,0.000171099663
PUMP,0.000170041015
NHC,0.000169998699
MRC,0.000169732941
INSW,0.000168567167
BDN,0.000168423779
CFFN,0.000168147566
ESMT,0.000167661140
DRQ,0.000167538721
BYND,0.000166859449
VSTO,0.000166396335
PHR,0.000166224381
FA,0.000166200246
MATV,0.000165969350
NVRI,0.000165814062
NWLI,0.000165458448
GSAT,0.000165025371
RGNX,0.000164756922
PUBM,0.000164404599
HTLD,0.000163855021
AVPT,0.000162752355
PPC,0.000160776951
DLX,0.000160056561
SPHR,0.000159802534
BKD,0.000158973920
INVA,0.000158116837
EB,0.000157414175
GIII,0.000157332967
ADTN,0.000157049259
BRKL,0.000155104627
SCSC,0.000155073066
SPNT,0.000155010564
TRUP,0.000153839917
USNA,0.000153787122
MMI,0.000153260754
RWT,0.000153034901
CRSR,0.000152583275
SKIN,0.000152051272
TWKS,0.000151392449
WOOF,0.000150355727
BJRI,0.000149833001
SLRN,0.000149802233
TFSL,0.000148480798
HOUS,0.000147535204
RES,0.000146673569
LFST,0.000144946541
KAMN,0.000144430218
PLMR,0.000144384904
SCS,0.000144346422
CAVA,0.000144149229
EQRX,0.000143238707
KOP,0.000142153322
TFIN,0.000142015552
INFA,0.000141615005
LASR,0.000141511071
RVLV,0.000140983849
SAH,0.000140951061
HCAT,0.000140757635
BCRX,0.000140117194
AMK,0.000138584912
EDIT,0.000138528048
ATUS,0.000137608151
TMP,0.000136306003
GRC,0.000135157760
NVAX,0.000135102080
OLO,0.000135051422
TTEC,0.000134758938
AMWD,0.000133832052
BIGC,0.000132838996
SSP,0.000132551827
EBIX,0.000131252046
EGBN,0.000130090956
AMPL,0.000129554592
AMBC,0.000129174933
PL,0.000129140516
SMRT,0.000128759772
ALKT,0.000128270453
HSTM,0.000127012416
RCKT,0.000126314499
RUM,0.000125690410
NUVL,0.000125549173
GES,0.000125452703
HPP,0.000125271746
SATS,0.000125255757
CNDT,0.000125182633
UHT,0.000124541267
PBI,0.000124437613
KREF,0.000124014409
VCTR,0.000122233166
VMEO,0.000122173436
EHAB,0.000121386619
SANA,0.000120233093
PRME,0.000120041268
CEVA,0.000119746973
LYEL,0.000117063814
AGTI,0.000116856987
LGF.A,0.000116464772
CCSI,0.000115562537
KELYA,0.000115453388
GOGO,0.000115205944
UFCS,0.000114462684
ALHC,0.000114107168
XPER,0.000111906436
HLX,0.000111892975
DFH,0.000110808976
BOWL,0.000110530726
NAPA,0.000110197173
HY,0.000110158321
TBI,0.000109968382
KNTK,0.000108958896
GPRO,0.000107220304
TR,0.000106721256
HTLF,0.000106207235
SWI,0.000106156549
CCO,0.000104526077
UWMC,0.000104353578
DBI,0.000104238995
PX,0.000103017045
UHAL,0.000102839544
BFS,0.000102116013
VTS,0.000101897792
RCUS,0.000101667147
ME,0.000101138105
ACCO,0.000098979186
AMWL,0.000098722287
NFBK,0.000096876021
WRLD,0.000096722566
TRTX,0.000096686218
CLBK,0.000096360026
DM,0.000095901963
ACCD,0.000094036313
KNSA,0.000093365920
CENX,0.000093289018
VZIO,0.000092811445
LOB,0.000092114256
BASE,0.000092006817
SBGI,0.000091459422
WOW,0.000090554568
AMRX,0.000090134027
DH,0.000089399990
MLNK,0.000088352656
KRNY,0.000088340847
TBPH,0.000088223451
SCPL,0.000088078010
CAL,0.000086926184
EVGO,0.000086001478
NKLA,0.000085767233
ATNI,0.000084953522
CRGY,0.000084936667
FATE,0.000083866632
MTTR,0.000083451401
REVG,0.000083050802
FOR,0.000082972090
GDRX,0.000082183967
NPK,0.000081854319
TGI,0.000081019263
PROK,0.000079862232
TELL,0.000079416458
ALEC,0.000079156657
ALX,0.000079136092
EE,0.000078717356
CYRX,0.000078625464
CENT,0.000077908404
OLPX,0.000076918806
AMCX,0.000076585235
KIND,0.000076508025
ALLO,0.000076356271
SMR,0.000075689187
STER,0.000075025544
DAWN,0.000074936841
ANAB,0.000073779859
CANO,0.000073516108
CRCT,0.000072662799
RMR,0.000072436062
SEMR,0.000071603655
NRDS,0.000071432664
FORR,0.000070604606
BRDG,0.000070364554
RUSHB,0.000070344438
INN,0.000070015763
EVA,0.000069669895
CLOV,0.000067049419
ULCC,0.000066778854
BFLY,0.000064511073
IBRX,0.000063839977
AESI,0.000063728895
BV,0.000063648094
GCMG,0.000063191564
SES,0.000062948358
ENFN,0.000062124800
UBA,0.000061641389
TASK,0.000061324322
FUBO,0.000060751014
SNBR,0.000060564016
SWBI,0.000059896693
PAHC,0.000058702494
ATMU,0.000057808796
PTVE,0.000056866716
ACDC,0.000056076471
HA,0.000055558973
FGEN,0.000052734614
GEF.B,0.000052600582
TILE,0.000051032439
IVR,0.000050321842
ANGI,0.000049965822
USM,0.000048020373
EGHT,0.000047855713
BRCC,0.000047787803
EVCM,0.000046880896
ARHS,0.000046518585
CDNA,0.000045758911
ERAS,0.000043832091
CPF,0.000042458005
KRO,0.000042325023
HGTY,0.000041600201
NTGR,0.000041174304
ADV,0.000039952758
RSI,0.000039835575
IHRT,0.000039743847
OPI,0.000039392125
MAX,0.000038786553
GBTG,0.000037273399
LPSN,0.000035719154
PAY,0.000035679089
QRTEA,0.000035653729
EBS,0.000035154420
TWOU,0.000032433698
INNV,0.000032147387
VITL,0.000030955945
FARO,0.000030644744
CGEM,0.000028999977
EXFY,0.000028795185
OPAL,0.000028293060
PIII,0.000027903391
MVST,0.000026076882
LDI,0.000025723750
TSP,0.000024688607
HYLN,0.000022268424
RXT,0.000015406917
WE,0.000014191173
AC,0.000011994079
SCWX,0.000011980833
VCSA,0.000009385381
UBP,0.000006887706
BRLT,0.000004513204
LIFW,0.000004337348
QRTEB,0.000001141076