AAPL,0.066991861629
MSFT,0.058525963903
AMZN,0.026278259707
NVDA,0.022972185744
GOOGL,0.016437080949
TSLA,0.016300507853
META,0.014673638759
GOOG,0.013960518219
UNH,0.010343214334
BRK.B,0.010214582184
XOM,0.010022369643
JNJ,0.009942218647
JPM,0.009823764604
LLY,0.009261022107
V,0.008882526385
AVGO,0.008359147240
PG,0.008266563397
MA,0.007692166418
HD,0.007218665844
MRK,0.006767593331
CVX,0.006546193598
PEP,0.005898089509
COST,0.005518703820
ABBV,0.005494209237
KO,0.005417488591
WMT,0.005389739269
ADBE,0.005184414410
MCD,0.005035737476
PFE,0.004786167398
TMO,0.004651650267
CRM,0.004638866474
NFLX,0.004526046173
ACN,0.004504372850
BAC,0.004491926281
CSCO,0.004386051593
ABT,0.004381910111
LIN,0.004318237367
AMD,0.004239906914
BRK.A,0.004207051938
ORCL,0.004087341179
CMCSA,0.003994578251
TXN,0.003776695827
DIS,0.003770823565
WFC,0.003701554117
DHR,0.003684016273
PM,0.003502325815
NEE,0.003470254710
RTX,0.003308355701
VZ,0.003252381683
INTC,0.003223869472
HON,0.003192658597
NKE,0.003143149352
BMY,0.003105317376
LOW,0.003088333959
QCOM,0.003065131422
UPS,0.003002867473
SPGI,0.002972559620
BA,0.002936201017
CAT,0.002930902692
COP,0.002902229489
UNP,0.002883580157
AMAT,0.002823427320
INTU,0.002817674726
IBM,0.002808452812
ISRG,0.002769380319
GE,0.002764922683
AMGN,0.002742015336
MDT,0.002709173850
LMT,0.002694891421
NOW,0.002646431423
T,0.002635584687
SBUX,0.002624856056
PLD,0.002617465351
DE,0.002497678388
GS,0.002478439978
MS,0.002472499209
ELV,0.002434378615
SYK,0.002409223104
BKNG,0.002305207826
MDLZ,0.002295974924
ADI,0.002257784156
TJX,0.002256715856
AXP,0.002244449782
GILD,0.002224614804
MMC,0.002152150507
ADP,0.002098737107
VRTX,0.002094917147
AMT,0.002089125787
CVS,0.002048491367
BLK,0.002033571642
LRCX,0.001996155048
SCHW,0.001970073836
C,0.001968069834
TMUS,0.001926129876
CI,0.001918946489
UBER,0.001918448148
MO,0.001869033272
ETN,0.001852765077
CB,0.001843403525
BSX,0.001827429340
PANW,0.001806318075
PGR,0.001790767006
SO,0.001772339276
BDX,0.001734952381
PYPL,0.001720857806
FI,0.001709956662
REGN,0.001702296578
EQIX,0.001694624335
ZTS,0.001655462110
WM,0.001630482355
SLB,0.001618247896
CSX,0.001602413080
DUK,0.001599231864
MU,0.001596404764
AON,0.001548167377
EOG,0.001547033617
CME,0.001540568221
KLAC,0.001538088320
APD,0.001537815729
SNPS,0.001531329458
BX,0.001517297318
ITW,0.001493628040
CDNS,0.001478122857
CL,0.001477200211
ICE,0.001463327822
ATVI,0.001455232586
HCA,0.001447753630
NOC,0.001439891037
SHW,0.001424445290
TGT,0.001407139703
F,0.001374337623
CMG,0.001364052097
ORLY,0.001344243209
MCK,0.001339309600
FCX,0.001325146599
EW,0.001321751485
FDX,0.001296200734
HUM,0.001291289624
MMM,0.001276270683
MCO,0.001253590388
GD,0.001227826554
EMR,0.001194009033
NSC,0.001193123108
ROP,0.001184570777
MRVL,0.001184014565
GM,0.001177023155
USB,0.001170659830
APH,0.001168918283
FTNT,0.001166090951
PNC,0.001161875561
PH,0.001156627758
DXCM,0.001151414239
MPC,0.001143470540
CCI,0.001142109861
MSI,0.001136922173
MCHP,0.001134355818
SNOW,0.001123664321
PXD,0.001119292432
ECL,0.001105742483
ABNB,0.001099491202
MAR,0.001094776284
AJG,0.001087318345
JCI,0.001080587149
TDG,0.001078476740
KMB,0.001076612804
PSA,0.001067496574
WDAY,0.001065119079
AZO,0.001060277707
SRE,0.001058841027
GIS,0.001041277890
TEL,0.001020855460
PSX,0.001016124833
ADSK,0.001015774130
LULU,0.001015654557
PCAR,0.001010389722
TT,0.001008158293
AEP,0.001001875952
D,0.001000674302
CTAS,0.000993218639
VLO,0.000980161563
MNST,0.000972771049
IQV,0.000963980513
IDXX,0.000963557334
AIG,0.000962566921
CARR,0.000959217330
BIIB,0.000952978030
NUE,0.000952184509
ADM,0.000951192334
EL,0.000947233770
ON,0.000944117793
PCG,0.000938542862
STZ,0.000938165154
EXC,0.000936287052
TFC,0.000934344725
O,0.000930375276
WELL,0.000929286106
TRV,0.000927125884
WMB,0.000918759973
COF,0.000916929197
MRNA,0.000909975561
OXY,0.000908971684
CPRT,0.000904280518
YUM,0.000896954570
CTVA,0.000894174108
HLT,0.000890259448
ROST,0.000886512062
AFL,0.000877342258
ROK,0.000874756657
DOW,0.000871562398
SYY,0.000868981729
HES,0.000868369349
ANET,0.000866078748
DHI,0.000863402703
AME,0.000862359510
DG,0.000859838131
LHX,0.000857273675
CNC,0.000855544728
WCN,0.000850877364
OTIS,0.000850288085
HSY,0.000850056917
ODFL,0.000843405387
CSGP,0.000840416831
PAYX,0.000838963574
KKR,0.000837853933
SQ,0.000837443950
CHTR,0.000831077593
SPG,0.000829151346
MSCI,0.000825026435
GWW,0.000822967319
A,0.000819932483
EA,0.000817552136
LNG,0.000812825094
PPG,0.000806753904
CMI,0.000802170397
AMP,0.000799829863
TTD,0.000793923864
XEL,0.000790853107
NEM,0.000783631784
VMW,0.000782697962
FAST,0.000778494575
BK,0.000771436892
DLR,0.000766815695
CTSH,0.000765716298
KMI,0.000758239372
VRSK,0.000756448172
MET,0.000750478831
FIS,0.000749031597
FERG,0.000744551765
PRU,0.000744270677
RMD,0.000742052892
BKR,0.000739658755
LEN,0.000735025513
VICI,0.000729545251
RSG,0.000727835074
GEHC,0.000725709893
ED,0.000724090823
CRWD,0.000722781578
PEG,0.000722079305
DVN,0.000716984351
KDP,0.000710223195
URI,0.000707531216
DAL,0.000706233988
APO,0.000705145933
ZBH,0.000701912083
KR,0.000701477283
DLTR,0.000697084996
VMC,0.000693342061
CEG,0.000691242658
KEYS,0.000689468589
DFS,0.000685868948
ILMN,0.000685142598
DD,0.000682155682
MTD,0.000667586421
EFX,0.000667019228
VEEV,0.000665852363
ALL,0.000662472690
MLM,0.000661594525
ANSS,0.000661554317
PWR,0.000659199010
WST,0.000656328776
KHC,0.000654547717
WEC,0.000643347659
AWK,0.000642225079
OKE,0.000638314744
APTV,0.000638310130
MDB,0.000636513744
WBD,0.000635488182
HPQ,0.000629468755
SGEN,0.000625580530
XYL,0.000623057171
AVB,0.000621209755
GLW,0.000619673884
HAL,0.000619150437
EIX,0.000614784294
ACGL,0.000612100106
IR,0.000611114377
FTV,0.000611011146
IT,0.000608002442
PLTR,0.000606512236
DDOG,0.000606325816
ALB,0.000605039886
GPN,0.000596511743
ALGN,0.000594173984
TEAM,0.000589112691
TROW,0.000581463076
SBAC,0.000580357861
HUBS,0.000579962616
WTW,0.000579237703
TTWO,0.000574500512
ES,0.000571831778
CDW,0.000571681365
WY,0.000567194591
CHD,0.000565884171
MPWR,0.000562551541
TSCO,0.000559944325
CAH,0.000556522965
LYB,0.000552325509
EBAY,0.000552117610
CBRE,0.000550868725
FANG,0.000549840833
GPC,0.000549633268
EQR,0.000548871951
ALNY,0.000546696817
ULTA,0.000545983513
HZNP,0.000543491718
STT,0.000537118248
BAX,0.000532348160
ENPH,0.000530509422
RCL,0.000521229704
HIG,0.000516433628
STE,0.000516292846
DASH,0.000510006825
MKC,0.000505743838
HPE,0.000503200862
LUV,0.000498046388
AEE,0.000495475545
LH,0.000494215118
FE,0.000489048380
INVH,0.000486544970
WBA,0.000482936853
BF.B,0.000478497845
DOV,0.000477277481
ETR,0.000475879473
MTB,0.000474480858
DTE,0.000471718018
IFF,0.000469272648
DRI,0.000467011477
EXR,0.000464636058
PODD,0.000464496737
VRSN,0.000462143114
LVS,0.000461061755
HOLX,0.000460615816
RJF,0.000457444270
WAB,0.000455949274
CLX,0.000454442016
ARE,0.000453846393
NVR,0.000452778537
NDAQ,0.000452377863
BR,0.000451669092
PPL,0.000450783671
HWM,0.000449761084
TDY,0.000447041508
FSLR,0.000445891822
FICO,0.000444095363
OMC,0.000438788062
COO,0.000438301662
CCL,0.000437153050
VTR,0.000437091957
EXPD,0.000427783312
PFG,0.000425571780
CNP,0.000424090602
BALL,0.000423209074
CTRA,0.000420795358
NET,0.000415575398
UAL,0.000414374909
FITB,0.000412386071
HUBB,0.000410681474
MAA,0.000409482377
SWKS,0.000407191675
FLT,0.000407065494
SPLK,0.000405991696
MOH,0.000405930968
MKL,0.000405366300
STLD,0.000404310859
TYL,0.000403581332
BLDR,0.000402895642
PHM,0.000400794308
K,0.000400479495
TER,0.000398954565
TRGP,0.000397558310
CMS,0.000396049951
EXAS,0.000391511595
LPLA,0.000390332542
ATO,0.000388534640
LW,0.000387125642
RF,0.000386478804
ENTG,0.000383413929
IRM,0.000382996139
PAYC,0.000380525271
NTAP,0.000377732801
BMRN,0.000376059311
IEX,0.000376028128
PINS,0.000375571582
SUI,0.000375143284
BBY,0.000372773703
CAG,0.000371699579
PTC,0.000369811570
RS,0.000369072576
GRMN,0.000368890114
DGX,0.000363903660
WAT,0.000363690904
BRO,0.000361057063
EXPE,0.000360555018
LKQ,0.000359996458
HBAN,0.000359700571
ARES,0.000357732186
FDS,0.000354858982
CINF,0.000353639477
SNA,0.000352587355
ZBRA,0.000351667783
TRU,0.000349789074
ZM,0.000349015805
J,0.000348583471
ESS,0.000347579308
JBHT,0.000346953545
SJM,0.000345773013
RVTY,0.000344421606
IPG,0.000344236885
EQT,0.000343802763
FWONK,0.000341279162
BAH,0.000341205342
RBLX,0.000339420684
NTRS,0.000339175703
LYV,0.000338888957
TSN,0.000336930535
CBOE,0.000336775456
SYF,0.000336007666
WPC,0.000334013622
SWK,0.000331705949
MRO,0.000328614431
BG,0.000328418068
UDR,0.000326858062
AKAM,0.000324680660
DECK,0.000321483246
POOL,0.000321143464
AES,0.000320711323
AVY,0.000320567789
AVTR,0.000320512086
GGG,0.000319186915
AXON,0.000316558847
TXT,0.000315262406
JBL,0.000314453442
CF,0.000312760468
EVRG,0.000310007731
KMX,0.000306073210
LSCC,0.000305654705
LNT,0.000304936207
DELL,0.000304212567
TRMB,0.000303153776
CSL,0.000302206449
FMC,0.000301556003
EPAM,0.000300808982
FCNCA,0.000300691457
MAS,0.000298527876
TECH,0.000297047804
SSNC,0.000296603792
NDSN,0.000295623536
MGM,0.000295450612
WSO,0.000294687973
ZS,0.000294438178
PEN,0.000288997400
MANH,0.000286565545
BSY,0.000282550059
KIM,0.000282549016
JKHY,0.000281854639
STX,0.000281331166
LDOS,0.000280521777
WDC,0.000280490974
GLPI,0.000279169875
CFG,0.000277164134
HST,0.000276676166
SNAP,0.000276599574
VTRS,0.000276586880
DPZ,0.000275259698
PKG,0.000274717399
TAP,0.000274451745
INCY,0.000272838767
BILL,0.000272668452
ACM,0.000272090970
OC,0.000271801197
AAL,0.000270716770
RPRX,0.000270685276
MTCH,0.000269358350
WRB,0.000269247932
RIVN,0.000269026324
MOS,0.000268670468
CPT,0.000268656539
GDDY,0.000267778339
RPM,0.000267362663
L,0.000265871006
BWA,0.000264957909
LECO,0.000264322194
TFX,0.000262770434
CE,0.000262060932
LSI,0.000261498471
NI,0.000261122832
ARMK,0.000259318153
DT,0.000259119231
ELS,0.000259105658
SMCI,0.000257033185
TWLO,0.000256328448
IP,0.000255173398
PEAK,0.000254127082
HRL,0.000254038412
CHRW,0.000253928106
FIVE,0.000252866996
AMH,0.000251529725
PSTG,0.000249053683
CRL,0.000248732317
COIN,0.000247246568
U,0.000247013548
OKTA,0.000246833508
PNR,0.000246295588
CHK,0.000245978157
HSIC,0.000245569121
TTC,0.000245018419
REG,0.000244140368
ALLE,0.000243974276
ROL,0.000243920508
APA,0.000243730943
FND,0.000242592283
SWAV,0.000241619605
ETSY,0.000241234024
CCK,0.000241148307
DKNG,0.000241100050
CZR,0.000240857349
LII,0.000240808400
HEI.A,0.000240707243
UTHR,0.000239069054
DOCU,0.000238912904
BURL,0.000236366279
WYNN,0.000236117990
RRX,0.000235767138
DAR,0.000235265890
MTN,0.000234687925
SRPT,0.000234235388
GEN,0.000232928524
JNPR,0.000232882452
QRVO,0.000232849556
CUBE,0.000231925857
EMN,0.000230542290
TPR,0.000229310568
REXR,0.000228668398
NLY,0.000228423270
CDAY,0.000227978034
MKTX,0.000227613514
USFD,0.000227134915
VST,0.000226329409
CGNX,0.000223649134
EQH,0.000223538485
WSC,0.000223481978
LBRDK,0.000221533457
WTRG,0.000219494184
INSP,0.000218897186
UHS,0.000218006356
GL,0.000217899387
PFGC,0.000217413460
CHDN,0.000216746757
RNR,0.000216557491
OVV,0.000215166796
FNF,0.000215164807
SCI,0.000214400150
GNRC,0.000214377864
NCLH,0.000213434388
RGA,0.000213310922
PNW,0.000213243896
NBIX,0.000212676999
WCC,0.000212203188
FOXA,0.000211443054
FBIN,0.000210723095
CASY,0.000210048027
SAIA,0.000209990745
HII,0.000209852719
AOS,0.000209500119
APLS,0.000208436572
CPB,0.000205663669
FFIV,0.000204419457
KBR,0.000204096580
EME,0.000203066164
COLD,0.000201697903
TTEK,0.000201455026
LAMR,0.000200699608
ZI,0.000200693645
KEY,0.000199745675
CLF,0.000199534973
NRG,0.000198972404
AFG,0.000198728197
NVT,0.000197854264
WMS,0.000197292403
HAS,0.000197132958
XRAY,0.000196544846
KNX,0.000196455244
LEA,0.000195835799
BJ,0.000195722003
BLD,0.000195217938
BKI,0.000194791737
LAD,0.000193496305
AGCO,0.000193297123
TOL,0.000192257549
THC,0.000191739982
MASI,0.000190750160
KNSL,0.000190254869
BBWI,0.000188524423
WHR,0.000188317995
CHE,0.000188048246
BXP,0.000187890542
IBKR,0.000187865768
NYCB,0.000187607461
TPL,0.000187254015
CG,0.000187191580
ARW,0.000187009720
WSM,0.000185759472
BEN,0.000185530550
CLH,0.000185065261
UNM,0.000184682576
MIDD,0.000182856654
BIO,0.000182757727
ROKU,0.000182370510
FRT,0.000182327165
DKS,0.000181882668
TW,0.000181587084
WEX,0.000180287555
TOST,0.000180218292
NNN,0.000180091284
PARA,0.000179708157
CACI,0.000179566030
PCTY,0.000178544447
Z,0.000178387904
EGP,0.000178200756
IVZ,0.000178018155
RHI,0.000177990536
ITT,0.000177525486
ATR,0.000175463977
DCI,0.000175224913
NATI,0.000174462980
RGLD,0.000174244637
JAZZ,0.000174230298
SITE,0.000174014052
VRT,0.000173927824
TXRH,0.000173880238
RGEN,0.000172952638
GXO,0.000172683775
EWBC,0.000172606460
WRK,0.000172098416
MTZ,0.000172022355
JLL,0.000172007560
NWSA,0.000171700492
CTLT,0.000171464664
GPK,0.000170593039
ALLY,0.000169022952
BERY,0.000168403808
AXTA,0.000168002230
HEI,0.000167800291
LFUS,0.000167198192
PRI,0.000166863586
MKSI,0.000166824969
OGE,0.000166241691
OHI,0.000166241363
HR,0.000166007969
SEIC,0.000165331441
WWD,0.000165005129
TREX,0.000164874263
COHR,0.000164234488
SKX,0.000163430601
BRKR,0.000162951163
VOYA,0.000162881950
CW,0.000162768698
IRDM,0.000162725213
SPSC,0.000162177407
RMBS,0.000161440401
ACHC,0.000160944935
FR,0.000160901503
WOLF,0.000159936377
LSTR,0.000159914107
G,0.000159914052
MAT,0.000159862205
KRTX,0.000159525843
ACI,0.000159207866
ST,0.000158993211
GNTX,0.000158055393
GTLS,0.000157807202
ALK,0.000157226980
DBX,0.000157044721
RRC,0.000155766706
OLN,0.000155448737
AIZ,0.000154451242
VFC,0.000154342579
SOFI,0.000154169123
INGR,0.000153583856
ORI,0.000153293089
CROX,0.000153138910
SWN,0.000152981316
NTNX,0.000152842649
BRX,0.000152829456
WBS,0.000152472896
EXP,0.000152471306
NOVT,0.000152361614
TPX,0.000151397963
BWXT,0.000151277616
PII,0.000151109249
XPO,0.000150095936
MSA,0.000149993532
OLED,0.000149803992
FCN,0.000149383535
EHC,0.000149045074
STAG,0.000148761171
DINO,0.000148716687
HXL,0.000148251487
CIEN,0.000146490487
NOV,0.000145971583
RBC,0.000145896617
CELH,0.000145637612
GME,0.000145177190
LNW,0.000144814848
PLUG,0.000144220211
CFR,0.000144052090
EXEL,0.000143835164
PDCE,0.000143804919
AR,0.000143788595
GWRE,0.000143434786
HOOD,0.000143112956
CMC,0.000142551872
CHX,0.000142036649
NYT,0.000141721185
BC,0.000141608687
MUSA,0.000140977525
ADC,0.000140861065
SAIC,0.000140369768
CHRD,0.000140320521
FHN,0.000140095760
AA,0.000139911470
AGNC,0.000139481557
SF,0.000139057247
ATKR,0.000138983036
AN,0.000138823182
WING,0.000138649619
ACLS,0.000138611760
TKR,0.000137843670
MTDR,0.000136924699
SSD,0.000136598302
WH,0.000136086834
RLI,0.000135981169
FIX,0.000135747850
FIVN,0.000135643227
ELF,0.000134871039
VMI,0.000134568252
SIGI,0.000134158983
SON,0.000133628736
SEE,0.000133492641
STWD,0.000132946393
LNTH,0.000132545887
PLNT,0.000132431750
UFPI,0.000132327698
ONTO,0.000131764243
ATI,0.000131417271
MUR,0.000131277821
NXST,0.000131132088
OSK,0.000130720102
UNVR,0.000130676035
UGI,0.000130490809
DXC,0.000130482880
CFLT,0.000130271189
AIT,0.000129397343
FAF,0.000129229858
MHK,0.000129062928
CIVI,0.000128972693
CMA,0.000128917929
IONS,0.000128917484
SRC,0.000128611102
OPCH,0.000128247146
PATH,0.000128175995
MPW,0.000128056309
NVST,0.000128042883
EEFT,0.000127899140
CC,0.000127180327
MEDP,0.000126980688
LCID,0.000126721604
ITCI,0.000126353983
CBSH,0.000126348715
RH,0.000125957781
POWI,0.000125495053
ISEE,0.000125285321
JEF,0.000125263267
AMG,0.000125075873
TDC,0.000124808661
HQY,0.000124735390
AIRC,0.000124378327
W,0.000123621208
BFAM,0.000123534991
PVH,0.000123314446
ERIE,0.000123314131
OGN,0.000122684134
NTRA,0.000122129153
AGL,0.000121806452
OMF,0.000121773923
RHP,0.000120592442
VVV,0.000120385998
ALKS,0.000120182399
OWL,0.000120062487
IDA,0.000120014629
AYI,0.000119860508
ABG,0.000119665237
ALSN,0.000118827443
MMS,0.000118731420
APG,0.000118562669
X,0.000117817371
H,0.000117725808
CWST,0.000117412694
ENSG,0.000117350826
PB,0.000116925122
TMHC,0.000116848167
WTS,0.000116392528
PCOR,0.000116220631
VNT,0.000115857233
DVA,0.000115845020
LSXMK,0.000115743692
MORN,0.000115702544
TRNO,0.000115657022
TENB,0.000115591732
SSB,0.000115470100
THO,0.000115228955
HLI,0.000115067627
DLB,0.000114928527
MTH,0.000114853876
ELAN,0.000114530121
ESTC,0.000114405633
TXG,0.000113982452
LTHM,0.000113924094
UHAL.B,0.000113672575
BYD,0.000113392517
KRG,0.000113251548
AZPN,0.000113089899
FLS,0.000112614762
NSIT,0.000112509052
LPX,0.000112370640
BRBR,0.000112346295
HRB,0.000112178082
RIG,0.000111767166
SMAR,0.000111649311
IMGN,0.000111643301
MMSI,0.000111148817
DTM,0.000111011980
SLAB,0.000110826680
WFRD,0.000110634311
WK,0.000110596527
IAC,0.000110407729
EXLS,0.000110278981
ESNT,0.000110223264
HALO,0.000109783836
EXPO,0.000109650297
MLI,0.000109231978
DUOL,0.000109022484
NFG,0.000108982707
HUN,0.000108974676
FN,0.000108964419
RYN,0.000107574893
PBF,0.000107390605
GMED,0.000107211846
KEX,0.000106716326
AVT,0.000106579889
PRGO,0.000106191932
FOXF,0.000106099132
TRTN,0.000105964278
NE,0.000105893940
NJR,0.000105785357
FYBR,0.000105708532
RL,0.000105414004
HOG,0.000105297576
CAR,0.000105080498
GATX,0.000105041086
APP,0.000104663804
QLYS,0.000104648534
MTG,0.000104605908
POR,0.000104584667
RITM,0.000104386825
CPRI,0.000104282809
SUM,0.000103949299
WWE,0.000103375588
OZK,0.000103330947
WTFC,0.000102713538
CRUS,0.000102637013
ENS,0.000102613490
SNX,0.000102504540
POST,0.000102127440
AL,0.000102017190
NVCR,0.000101878240
HOMB,0.000101530098
WU,0.000101527508
M,0.000101026802
LNC,0.000100957079
SYNH,0.000100953864
BPOP,0.000100680619
BCPC,0.000100420610
SHLS,0.000100327899
RYAN,0.000100137444
AMN,0.000099992395
BMI,0.000099983190
NSP,0.000099822881
SWX,0.000099685898
HAE,0.000099459550
CR,0.000099327911
SRCL,0.000099231230
MSM,0.000098870947
EVR,0.000098589449
MDU,0.000098561496
OGS,0.000098337625
FLR,0.000097998397
NEOG,0.000097829599
COLB,0.000097714196
PCH,0.000097622359
FLO,0.000097461396
PCVX,0.000097349360
AJRD,0.000097301582
DV,0.000097234147
SNV,0.000097055730
COTY,0.000096901039
AEIS,0.000096688086
AAP,0.000096573708
ESI,0.000096424452
ASO,0.000096266569
CNMD,0.000096034897
QDEL,0.000095712715
GTLB,0.000095694879
FOX,0.000095505528
FNB,0.000095473751
PNFP,0.000095463138
ASH,0.000095459558
AXS,0.000095406291
DEN,0.000095230270
AAON,0.000095112280
AZEK,0.000095103218
IRT,0.000094581891
ORA,0.000094381634
ONB,0.000094277184
ICUI,0.000094156940
VC,0.000094102458
BDC,0.000094072310
ALTR,0.000093632418
FELE,0.000093386418
BOX,0.000093092748
DIOD,0.000092853425
BKH,0.000092846482
MAN,0.000092543687
UBSI,0.000092535672
PECO,0.000092399280
ZION,0.000091946270
BECN,0.000091701129
HE,0.000091681022
SLM,0.000091429443
RDN,0.000091359745
TDOC,0.000090997398
ETRN,0.000090933497
GH,0.000090609655
AM,0.000090023744
FOUR,0.000089897279
IOT,0.000089673055
SLGN,0.000089619130
GT,0.000089619026
LANC,0.000089544620
PNM,0.000089476978
FFIN,0.000089290643
JBT,0.000089214781
AEL,0.000089183205
IPGP,0.000089104237
TEX,0.000089072428
FUL,0.000088924061
VAC,0.000088747972
KBH,0.000088735136
BLKB,0.000088616778
BPMC,0.000088330150
WLK,0.000088117004
SM,0.000088109311
ESAB,0.000087990233
WAL,0.000087690059
SFM,0.000087484821
MGY,0.000087262786
CBT,0.000086806961
ZWS,0.000086776722
VSH,0.000086699680
LEG,0.000086575732
R,0.000086560476
AVNT,0.000086095694
FSS,0.000085607479
HRI,0.000085599726
PENN,0.000085599433
LITE,0.000085578391
NEWR,0.000084955687
SPXC,0.000084896361
CHWY,0.000084836095
ACA,0.000084829127
WEN,0.000084753962
RUN,0.000084556819
TGNA,0.000084468407
SMPL,0.000084161351
DOCS,0.000084006624
THG,0.000084002914
ARWR,0.000083705762
JHG,0.000083471776
CHH,0.000083105921
OLLI,0.000082946503
CADE,0.000082937516
EDR,0.000082924764
BCC,0.000082676623
FOLD,0.000082614908
CNXC,0.000082594251
AI,0.000082383663
SKY,0.000081985178
HGV,0.000081904760
ASGN,0.000081872041
KRC,0.000081456887
EPR,0.000081431429
EPRT,0.000080982581
MTSI,0.000080523219
RCM,0.000080253985
GPI,0.000080150607
CUZ,0.000079941787
BF.A,0.000079882412
GBCI,0.000079877224
PAG,0.000079725251
LAZ,0.000079236101
NTLA,0.000078925925
BXMT,0.000078725886
FCFS,0.000078469722
NWE,0.000078413813
IBP,0.000078217016
WTM,0.000078177613
MDGL,0.000078120860
SYNA,0.000077998717
S,0.000077922811
YETI,0.000077788322
TWNK,0.000077749389
NCR,0.000077689485
EXTR,0.000077671094
VLY,0.000077330093
TGTX,0.000077197666
DOC,0.000077088986
SANM,0.000076981494
ALE,0.000076798253
OMCL,0.000076762926
AWI,0.000076609064
OI,0.000076552812
PINC,0.000076130030
OTTR,0.000076124558
TPH,0.000076026522
MSGS,0.000075749261
ITRI,0.000075697275
HP,0.000075650457
GKOS,0.000075380832
CACC,0.000075357204
EVH,0.000074961224
NWL,0.000074944192
SEM,0.000074893519
ARRY,0.000074861292
APPF,0.000074363686
AWR,0.000074355803
ALIT,0.000074336484
HI,0.000074214188
SPB,0.000073973295
CRC,0.000073852491
CVLT,0.000073811085
LOPE,0.000073299212
SR,0.000073268782
DY,0.000073257359
FRPT,0.000073197428
BHF,0.000073174661
ZD,0.000072739363
AMBA,0.000072735074
AGO,0.000072708315
ENOV,0.000072690046
HWC,0.000072541585
VNO,0.000072407222
ESGR,0.000072387476
SGRY,0.000072336932
APLE,0.000071984462
MOG.A,0.000071975265
SDGR,0.000071960038
WIRE,0.000071733147
TNET,0.000071732465
RARE,0.000071729865
COOP,0.000071689706
KMPR,0.000071380401
AFRM,0.000071029369
SPR,0.000070987613
WMG,0.000070902551
DNB,0.000070494452
FHI,0.000070462186
AZTA,0.000070311542
FLYW,0.000070306595
LCII,0.000070193615
DNLI,0.000070027680
ALGM,0.000070023802
KD,0.000069832902
IRTC,0.000069798389
MC,0.000069759711
PTCT,0.000069742038
VSAT,0.000069681933
ROG,0.000069648602
LYFT,0.000069622026
MSTR,0.000069614638
SXT,0.000069453260
HL,0.000069279526
BE,0.000069241364
BCO,0.000069146748
PACB,0.000069137944
CABO,0.000069029646
AMED,0.000068868852
AVA,0.000068768887
PGNY,0.000068675324
ARNC,0.000068539149
CYTK,0.000068504775
PBH,0.000068260339
ITGR,0.000068153853
FOCS,0.000068099125
BL,0.000067721365
COKE,0.000067667112
CCOI,0.000067621975
PDCO,0.000067602984
TNL,0.000067588156
AMKR,0.000067564457
ACAD,0.000067519014
AGR,0.000067347223
JOBY,0.000067335729
AIN,0.000067268868
SHAK,0.000067247938
ENV,0.000067168493
JBLU,0.000067150217
PRFT,0.000067100801
CNM,0.000066989212
CWT,0.000066817672
BNL,0.000066808774
INSM,0.000066538382
IART,0.000066184468
RETA,0.000066177271
CRBG,0.000066141305
MGEE,0.000066125850
GMS,0.000066067012
LXP,0.000065935781
NOG,0.000065696777
THS,0.000065576466
SAM,0.000065457390
ABM,0.000065167469
CALX,0.000064956787
SIG,0.000064659882
NPO,0.000064437890
CNX,0.000064425000
VRNS,0.000064201948
NSA,0.000063980073
MODG,0.000063867035
FWRD,0.000063666233
MDC,0.000063233978
UCBI,0.000063189151
WHD,0.000063128469
CRS,0.000062987862
CXT,0.000062905839
SBRA,0.000062896455
PRVA,0.000062822071
PLXS,0.000062776932
NEU,0.000062628022
GO,0.000062585034
AYX,0.000062369115
LGIH,0.000062365160
APAM,0.000062198432
FTAI,0.000061992638
AXSM,0.000061884856
ESE,0.000061697835
VRRM,0.000061694147
BTU,0.000061576769
RNG,0.000061574999
NARI,0.000061463843
FRSH,0.000061450514
DNA,0.000061338649
RXO,0.000061266358
MATX,0.000061200044
MP,0.000061056838
FORM,0.000061017397
SMG,0.000060936505
COLM,0.000060918455
SIRI,0.000060756356
KWR,0.000060751089
PK,0.000060700399
HASI,0.000060620027
HLNE,0.000060403143
FTDR,0.000060259160
CRI,0.000060081256
KAI,0.000060080647
TMDX,0.000060030252
HELE,0.000060018307
KFY,0.000060011400
RPD,0.000060005774
VRNT,0.000059909250
PR,0.000059713110
IDCC,0.000059677766
CNO,0.000059538961
KRYS,0.000059507719
CSWI,0.000059443508
HHC,0.000059270306
WDFC,0.000059183238
RVMD,0.000059159525
KSS,0.000059001791
RUSHA,0.000058993324
AXNX,0.000058775267
STAA,0.000058729319
MWA,0.000058679489
TDW,0.000058661341
CBZ,0.000058644592
BOOT,0.000058547917
FL,0.000058544208
JXN,0.000058363174
HIW,0.000058281299
VIAV,0.000058254857
WERN,0.000058246581
CBU,0.000058219118
UPST,0.000058163082
PRGS,0.000058157627
ACIW,0.000058011613
WD,0.000057901228
HUBG,0.000057802455
IOSP,0.000057735229
CHPT,0.000057388428
CVNA,0.000057253363
IBOC,0.000057112253
REZI,0.000057047910
TCBI,0.000056982148
VIR,0.000056971618
GPS,0.000056941549
PTON,0.000056757922
AVAV,0.000056739808
ALRM,0.000056557473
CVCO,0.000056137303
MHO,0.000056084359
MAC,0.000056030648
ABR,0.000055850458
LSXMA,0.000055793163
PZZA,0.000055727252
ENR,0.000055477439
EVTC,0.000055400029
GNW,0.000055236711
SAGE,0.000055207545
DBRG,0.000055041356
YELP,0.000055035734
IPAR,0.000055034169
PTEN,0.000054735406
MQ,0.000054683370
UMBF,0.000054626082
KTB,0.000054569450
MTRN,0.000054398607
CWEN,0.000054385359
SITC,0.000054350518
BLMN,0.000054255659
HCP,0.000054218116
UNF,0.000054114737
ICFI,0.000054018050
OUT,0.000053953003
ASB,0.000053774360
HTZ,0.000053598646
WSFS,0.000053574245
DOCN,0.000053559423
RRR,0.000053491516
BEAM,0.000053437730
MYRG,0.000053425188
FHB,0.000053116183
AMC,0.000052802196
KMT,0.000052676715
NWS,0.000052649544
MXL,0.000052509527
LUMN,0.000052463099
DOOR,0.000052357488
MGRC,0.000052320556
ABCB,0.000052112697
ARCB,0.000051965474
SHOO,0.000051688417
CATY,0.000051270475
ATRC,0.000051203684
AX,0.000051193108
KNF,0.000051187023
FCPT,0.000051091908
CCS,0.000051045411
DAN,0.000051041025
SKT,0.000050972387
MARA,0.000050946354
FBP,0.000050781390
AKRO,0.000050750340
KDNY,0.000050489885
CERT,0.000050455106
NUVA,0.000050419497
PIPR,0.000050357258
RELY,0.000050315093
IONQ,0.000050293982
CPE,0.000050151688
BRZE,0.000050075294
NHI,0.000049942315
HLIO,0.000049868239
NMIH,0.000049701269
ENVX,0.000049461325
ACVA,0.000049145071
STR,0.000048967379
CCCS,0.000048839878
EQC,0.000048803050
DORM,0.000048736595
LBRT,0.000048703667
SPT,0.000048699906
SHO,0.000048443564
SONO,0.000048435076
NTCT,0.000048423142
CARG,0.000048358987
ADT,0.000048326668
SFNC,0.000048228704
OPEN,0.000048226158
TRN,0.000048223133
AMPH,0.000048093582
AEO,0.000048002825
BRC,0.000047956967
WOR,0.000047935742
CBRL,0.000047707110
GHC,0.000047418279
NEO,0.000047387427
IIPR,0.000047310102
PEGA,0.000047267545
PI,0.000046940994
B,0.000046886127
SCL,0.000046878951
DEI,0.000046869716
NCNO,0.000046861824
HCC,0.000046804646
AMR,0.000046737697
RVNC,0.000046706207
PSN,0.000046669813
CPK,0.000046485123
EPC,0.000046418821
NGVT,0.000046397919
ARCH,0.000046237043
SFBS,0.000046206814
URBN,0.000046129810
FIBK,0.000046011623
JACK,0.000045963206
YOU,0.000045923326
APPN,0.000045839319
SJW,0.000045835326
JWN,0.000045825544
PPBI,0.000045791722
ALGT,0.000045722118
CTRE,0.000045662978
FROG,0.000045662005
FULT,0.000045594898
MORF,0.000045542771
ZG,0.000045518402
SEAS,0.000045489484
RIOT,0.000045440557
GFF,0.000045292960
EBC,0.000045007034
AUB,0.000044981957
SITM,0.000044892535
QS,0.000044860559
WGO,0.000044746108
RDNT,0.000044732228
KW,0.000044720878
SLG,0.000044713253
BBIO,0.000044665811
PRMW,0.000044275394
ROCK,0.000044227112
NXT,0.000044226332
MRCY,0.000044197146
AIR,0.000044018629
EYE,0.000043840531
MRTX,0.000043732725
OII,0.000043555600
BOKF,0.000043523372
MTX,0.000043394437
COHU,0.000043377648
ALG,0.000043362462
SAVE,0.000043296757
THRM,0.000043269982
SBCF,0.000043219672
INDB,0.000043125778
SHC,0.000043058985
PD,0.000042723558
FFBC,0.000042707781
VCYT,0.000042632559
SIX,0.000042510130
PSMT,0.000042454312
JOE,0.000042393167
KTOS,0.000042294266
JJSF,0.000042281457
CRVL,0.000042209116
GPRE,0.000042130830
NOVA,0.000041833194
SKYW,0.000041821397
CORT,0.000041791717
CNK,0.000041732187
FSLY,0.000041662844
RAMP,0.000041642576
TPG,0.000041535320
MYGN,0.000041510645
ANF,0.000041414496
USPH,0.000041327062
VCEL,0.000041304650
OSIS,0.000041002500
MGNI,0.000040635477
CVBF,0.000040617304
RC,0.000040588841
PFSI,0.000040566945
NEX,0.000040485066
PCRX,0.000040463925
GVA,0.000040346886
CERE,0.000040333601
WAFD,0.000040329146
XPEL,0.000040321903
ASAN,0.000040098476
GTES,0.000039963550
PWSC,0.000039939967
CEIX,0.000039872391
UE,0.000039832980
PEB,0.000039668087
HLIT,0.000039538081
LAUR,0.000039529314
QTWO,0.000039487773
VGR,0.000039255304
GEF,0.000039234553
PATK,0.000039211137
CALM,0.000039064736
FRME,0.000038942036
SXI,0.000038920639
JBGS,0.000038741413
HLMN,0.000038504127
BANF,0.000038478316
DICE,0.000038442192
KAR,0.000038418774
DVAX,0.000038370694
GOLF,0.000038311957
NUS,0.000038296186
KN,0.000038144906
DISH,0.000038087060
NFE,0.000038073303
NAVI,0.000038017588
PLAY,0.000037927009
LAZR,0.000037924216
HAYW,0.000037923888
MOD,0.000037790066
BOH,0.000037784638
UCTT,0.000037748177
GERN,0.000037748076
STRL,0.000037725404
SMTC,0.000037637655
ODP,0.000037591156
PGTI,0.000037586586
PRIM,0.000037525730
EAT,0.000037473529
FWONA,0.000037470378
ROIC,0.000037385764
VRTV,0.000037363577
BMBL,0.000037350508
XRX,0.000037305803
TBBK,0.000037146317
BKU,0.000037062083
CLDX,0.000037057776
INSW,0.000036985981
ARI,0.000036982160
TRIP,0.000036964639
CAKE,0.000036938887
DRH,0.000036898628
CSGS,0.000036690692
DRVN,0.000036680723
TNDM,0.000036654294
RKLB,0.000036510131
VSTO,0.000036509670
BRP,0.000036505966
PHR,0.000036471941
AMRC,0.000036435541
ENVA,0.000036407900
DK,0.000036386027
AGIO,0.000036382201
BFH,0.000036363931
AVDX,0.000036212970
NVEE,0.000036196110
MIR,0.000036175381
BATRK,0.000036099403
EXPI,0.000035962874
SUPN,0.000035957712
PJT,0.000035928031
LESL,0.000035910925
RLJ,0.000035889919
HURN,0.000035819484
VIRT,0.000035808931
EPAC,0.000035684562
AROC,0.000035267485
TOWN,0.000035215007
LRN,0.000035183703
MGPI,0.000035144119
PLUS,0.000035015670
NWN,0.000034925359
XNCR,0.000034854613
HBI,0.000034844580
GTY,0.000034820591
PTGX,0.000034721883
ADUS,0.000034720190
STRA,0.000034704210
PRG,0.000034703424
TNC,0.000034702072
BGCP,0.000034659065
BANR,0.000034656608
MBC,0.000034545069
TROX,0.000034532239
PRK,0.000034435806
IVT,0.000034301832
REYN,0.000034282090
TALO,0.000034213990
OXM,0.000034088986
OSTK,0.000034026550
CNNE,0.000033944091
SNEX,0.000033859227
SLVM,0.000033825443
PYCR,0.000033804021
PARR,0.000033788001
VKTX,0.000033666527
RLAY,0.000033540141
PDFS,0.000033539629
PLAB,0.000033517248
DO,0.000033380404
ELME,0.000033333428
WSBC,0.000033317115
VTYX,0.000033295425
SVC,0.000033231277
HTH,0.000033097915
CENTA,0.000033041829
MSEX,0.000032963878
TTMI,0.000032958895
CNS,0.000032917632
ATGE,0.000032883151
IOVA,0.000032870247
WLY,0.000032863197
GRBK,0.000032860439
ERII,0.000032762004
ZUO,0.000032741870
JELD,0.000032726458
HEES,0.000032701274
CRDO,0.000032621910
LEN.B,0.000032563171
IRWD,0.000032473710
UFPT,0.000032410408
ANDE,0.000032384160
PCT,0.000032352572
CMP,0.000032330116
MRVI,0.000032208366
UPBD,0.000032196750
RNST,0.000032184140
AGYS,0.000032157181
EFSC,0.000032034959
ATEC,0.000032009556
OMI,0.000031860181
SQSP,0.000031820777
COUR,0.000031750405
PLMR,0.000031680056
AKR,0.000031668315
SNDX,0.000031629079
VRTS,0.000031603008
LTC,0.000031594298
AMEH,0.000031524168
UAA,0.000031491288
VSCO,0.000031321803
CPRX,0.000031305088
DEA,0.000031299610
PRCT,0.000031287150
SGH,0.000031258907
ALEX,0.000031175690
TFIN,0.000031160187
XHR,0.000031152179
NWBI,0.000031131306
ZNTL,0.000031025525
DGII,0.000031025467
TWO,0.000031011958
LMAT,0.000031009946
CIM,0.000030953857
CMTG,0.000030829338
JAMF,0.000030767322
BCRX,0.000030743661
SBH,0.000030702039
CODI,0.000030659605
STEP,0.000030597717
HIMS,0.000030560918
LNN,0.000030364190
SWTX,0.000030313347
MDRX,0.000030229116
LBRDA,0.000030221904
RDFN,0.000030218734
GBX,0.000030211668
CWK,0.000030051609
NBTB,0.000030005797
CXM,0.000029825995
CHCO,0.000029778193
EVRI,0.000029760162
NNI,0.000029682227
LEVI,0.000029667284
ATSG,0.000029657394
MODN,0.000029587705
DDS,0.000029578943
IDYA,0.000029562599
CTS,0.000029523768
PRO,0.000029501202
UEC,0.000029500837
CHEF,0.000029417684
AMWD,0.000029364613
AGM,0.000029357378
LZ,0.000029349561
VECO,0.000029148830
CARS,0.000029037886
GSHD,0.000029012296
IAS,0.000028973600
VRE,0.000028909949
CASH,0.000028838602
HLF,0.000028758634
HNI,0.000028720947
LADR,0.000028653054
OFG,0.000028650111
EMBC,0.000028604244
DDD,0.000028597585
FCF,0.000028579945
LZB,0.000028558036
ROAD,0.000028533004
MATW,0.000028504395
CWAN,0.000028399320
VICR,0.000028370000
MRTN,0.000028258164
WKC,0.000028212424
WNC,0.000028138443
MNRO,0.000028029385
IBTX,0.000028005411
HMN,0.000028000509
PAYO,0.000027994375
KFRC,0.000027987425
MBUU,0.000027964106
CWH,0.000027842887
AIV,0.000027803559
RCKT,0.000027715158
SILK,0.000027629731
AVNS,0.000027570204
NUVL,0.000027547235
IMKTA,0.000027522327
MD,0.000027510540
UA,0.000027475291
RADI,0.000027472840
IRBT,0.000027417570
LGND,0.000027345524
PMT,0.000027280262
PFS,0.000027110704
LKFN,0.000027094267
NVTS,0.000027067581
BROS,0.000027026455
FBRT,0.000026929840
UVV,0.000026927092
RYI,0.000026898035
UNFI,0.000026840406
TRMK,0.000026830407
HRMY,0.000026821038
VCTR,0.000026819657
AMLX,0.000026793269
FBNC,0.000026777856
ZETA,0.000026735364
GPOR,0.000026619816
CIR,0.000026604901
NSSC,0.000026502335
TVTX,0.000026487870
MEI,0.000026486752
MFA,0.000026476718
TRS,0.000026366639
SSTK,0.000026360913
MEG,0.000026354431
DFIN,0.000026324154
ACLX,0.000026307327
SAFE,0.000026303361
AUR,0.000026209596
ECVT,0.000026153837
SYBT,0.000026137693
COMP,0.000026114269
FIZZ,0.000026081676
CRK,0.000026042095
ARVN,0.000026038715
YEXT,0.000025997658
COMM,0.000025935071
UPWK,0.000025931847
STC,0.000025907388
CRNC,0.000025871799
HAIN,0.000025863035
MLKN,0.000025836355
FSR,0.000025798360
PTLO,0.000025777824
ADEA,0.000025707578
MSGE,0.000025679293
TWST,0.000025674039
AEHR,0.000025667936
WWW,0.000025622161
DNOW,0.000025615603
HCSG,0.000025603860
CMCO,0.000025536151
ETNB,0.000025533465
UNIT,0.000025477256
ETWO,0.000025442621
SCHL,0.000025396264
TMCI,0.000025383582
SNDR,0.000025329002
NBHC,0.000025312336
GOGO,0.000025277786
EVBG,0.000025211978
FLNC,0.000025199988
KALU,0.000025133652
CLB,0.000025077241
ECPG,0.000025069300
OM,0.000024884714
REPL,0.000024806792
SG,0.000024726562
CBAY,0.000024680186
GNL,0.000024674969
INDI,0.000024619826
HLX,0.000024550875
UTZ,0.000024530245
SABR,0.000024483389
ZIP,0.000024456095
APOG,0.000024435704
BUSE,0.000024407349
LMND,0.000024357928
SYM,0.000024320552
PLL,0.000024309121
BKE,0.000024211007
ARR,0.000024086456
ARGO,0.000024069945
STEL,0.000023970675
WMK,0.000023952567
ICHR,0.000023925458
OSCR,0.000023895120
NTST,0.000023881890
LGF.B,0.000023867083
ASTE,0.000023858240
AZZ,0.000023773834
ATEN,0.000023696965
RKT,0.000023672347
MNKD,0.000023620836
AMSF,0.000023602941
WABC,0.000023590599
CXW,0.000023484447
LPRO,0.000023447970
SAFT,0.000023410740
SIBN,0.000023369804
CHGG,0.000023343216
HTLF,0.000023303344
STBA,0.000023264922
EIG,0.000023240152
MED,0.000023191529
LC,0.000023008073
NXRT,0.000022926011
DNUT,0.000022906552
PLYM,0.000022895829
FIGS,0.000022882725
IMVT,0.000022871984
FDP,0.000022819367
INTA,0.000022790848
FBK,0.000022747559
VRDN,0.000022531648
SAVA,0.000022478414
EAF,0.000022428489
SASR,0.000022328504
RCUS,0.000022307186
PACW,0.000022235417
HOPE,0.000022172412
LTH,0.000022168443
CCRN,0.000022155617
WRBY,0.000022148154
FORG,0.000022135681
ESRT,0.000022076682
BGS,0.000022071324
PKST,0.000022069911
VREX,0.000022009589
ARLO,0.000022001901
MCRI,0.000021811117
CMPR,0.000021713163
COGT,0.000021694814
RGR,0.000021676565
RYTM,0.000021670047
TCBK,0.000021659821
UUUU,0.000021652952
CWEN.A,0.000021601539
SPCE,0.000021541341
SHEN,0.000021437625
INFN,0.000021409478
VBTX,0.000021357893
CCF,0.000021305768
WINA,0.000021290699
AXL,0.000021250009
NABL,0.000021220874
CSR,0.000021217796
PRLB,0.000021173314
ASIX,0.000021172216
PLRX,0.000021059602
ESTE,0.000021045995
RTL,0.000020967249
RPT,0.000020938002
INBX,0.000020936703
NYMT,0.000020906566
CVI,0.000020884896
HWKN,0.000020837167
TMST,0.000020781243
PDM,0.000020776614
AHCO,0.000020758099
MCW,0.000020644372
ACCD,0.000020632875
NX,0.000020628123
THR,0.000020598880
SOVO,0.000020594274
KYMR,0.000020572837
SLCA,0.000020526112
DRS,0.000020440932
OCFC,0.000020402859
APPS,0.000020266741
FCEL,0.000020256484
CRNX,0.000020252187
BRSP,0.000020213875
LOB,0.000020211149
AAT,0.000020208892
BHE,0.000020204550
CDMO,0.000020196414
UMH,0.000020184206
BHLB,0.000020154584
ADPT,0.000020143524
WT,0.000020117161
PEBO,0.000020086607
CTKB,0.000020084606
ANIP,0.000020082564
UDMY,0.000020020929
NVRO,0.000019992229
BLFS,0.000019978288
DIN,0.000019959166
XMTR,0.000019900838
JBI,0.000019886197
NMRK,0.000019825023
PAR,0.000019816754
SPWR,0.000019815821
GEO,0.000019813482
OBK,0.000019803606
NRC,0.000019799690
NXGN,0.000019789173
CDE,0.000019675350
CUBI,0.000019671250
PRAA,0.000019653131
STEM,0.000019534419
GDEN,0.000019502845
NBR,0.000019486908
BZH,0.000019472613
JBSS,0.000019425832
VERX,0.000019420916
AVID,0.000019409544
OPK,0.000019376886
MCY,0.000019370320
EFC,0.000019280333
KROS,0.000019232618
COCO,0.000019213141
CLNE,0.000019166339
GDOT,0.000019159943
RXRX,0.000019128288
LBAI,0.000019116805
SEB,0.000019106752
MPLN,0.000019103403
CAL,0.000019072814
CHCT,0.000019072186
TDS,0.000018998777
SNCY,0.000018996319
BFC,0.000018980217
AVTA,0.000018963040
PGRE,0.000018905009
UTL,0.000018855815
PRA,0.000018844152
NKLA,0.000018818524
VERV,0.000018787751
ACT,0.000018770823
BXC,0.000018716282
MVIS,0.000018686719
PUMP,0.000018654682
NHC,0.000018650039
MRC,0.000018620884
IMXI,0.000018583624
NIC,0.000018480030
BDN,0.000018477260
CFFN,0.000018446957
VTLE,0.000018437024
LWLG,0.000018431953
ESMT,0.000018393593
DRQ,0.000018380163
MTTR,0.000018310398
BYND,0.000018305642
SPTN,0.000018272372
FA,0.000018233323
MATV,0.000018207992
MIRM,0.000018193005
NVRI,0.000018190956
PRDO,0.000018180312
TTGT,0.000018178522
RNA,0.000018153207
NWLI,0.000018151942
GSAT,0.000018104431
RGNX,0.000018074980
PUBM,0.000018036328
ADMA,0.000018009746
HTLD,0.000017976035
DCPH,0.000017888635
AVPT,0.000017855065
THRY,0.000017820684
TGI,0.000017776753
SBSI,0.000017763944
PNT,0.000017706669
SOUN,0.000017705520
GABC,0.000017649930
PPC,0.000017638350
DLX,0.000017559318
QTRX,0.000017548214
SPHR,0.000017531449
BKD,0.000017440544
TELL,0.000017425075
INVA,0.000017346517
EB,0.000017269430
ATRI,0.000017264479
GIII,0.000017260520
CYRX,0.000017251520
ADTN,0.000017229396
KURA,0.000017214533
CHUY,0.000017097631
BRKL,0.000017016056
SCSC,0.000017012594
SPNT,0.000017005737
TRUP,0.000016877309
USNA,0.000016871517
SP,0.000016858687
MMI,0.000016813770
DCGO,0.000016807482
RWT,0.000016788993
MDXG,0.000016778709
CRSR,0.000016739446
SKIN,0.000016681082
AOSL,0.000016672088
TWKS,0.000016608804
FLGT,0.000016523906
PFBC,0.000016509253
AHH,0.000016507229
MYE,0.000016500734
WOOF,0.000016495069
RILY,0.000016445966
DAWN,0.000016442185
BJRI,0.000016437722
SLRN,0.000016434347
HZO,0.000016393155
COLL,0.000016324554
TFSL,0.000016289376
HOUS,0.000016185638
AMRK,0.000016101259
RES,0.000016091110
BSIG,0.000016062681
SLP,0.000016021640
SHYF,0.000016004348
SMP,0.000015974390
ARDX,0.000015964140
LFST,0.000015901643
KAMN,0.000015844999
SCS,0.000015835806
CAVA,0.000015814173
VTOL,0.000015809252
FBMS,0.000015764143
DX,0.000015747168
FDMT,0.000015746569
NEXT,0.000015714680
EQRX,0.000015714282
KOP,0.000015595208
INFA,0.000015536151
LASR,0.000015524748
ARKO,0.000015474616
RVLV,0.000015466909
SAH,0.000015463312
HCAT,0.000015442091
AORT,0.000015428829
KIDS,0.000015367974
INN,0.000015362432
ACRS,0.000015247024
SXC,0.000015229153
AMK,0.000015203728
EDIT,0.000015197490
DENN,0.000015161170
ATUS,0.000015096571
MLAB,0.000015084843
PLOW,0.000015079958
GTN,0.000015062438
QCRH,0.000015061993
KE,0.000015000273
ARCT,0.000014967366
TMP,0.000014953716
ETD,0.000014917003
CRAI,0.000014908456
RICK,0.000014907059
HCCI,0.000014888264
RAPT,0.000014844875
GRC,0.000014827746
NVAX,0.000014821638
OLO,0.000014816080
TTEC,0.000014783993
RXST,0.000014703618
CHS,0.000014690298
ROVR,0.000014634834
BIGC,0.000014573362
SSP,0.000014541857
MTW,0.000014530558
OFIX,0.000014492121
AVXL,0.000014431093
EBIX,0.000014399262
TRNS,0.000014316108
CNOB,0.000014272330
EGBN,0.000014271882
RPAY,0.000014267418
DCOM,0.000014233230
AMPL,0.000014213040
HAYN,0.000014206930
CLFD,0.000014190140
AMBC,0.000014171388
PL,0.000014167613
SMRT,0.000014125842
ALKT,0.000014072161
STGW,0.000014048334
FRG,0.000013970116
HSTM,0.000013934145
TITN,0.000013928699
DCO,0.000013902686
BANC,0.000013874141
VSEC,0.000013845665
WTTR,0.000013834628
RUM,0.000013789112
GES,0.000013763034
HPP,0.000013743182
SATS,0.000013741428
CNDT,0.000013733405
UHT,0.000013663043
PBI,0.000013651671
ACEL,0.000013644970
KREF,0.000013605243
UBA,0.000013524978
FNA,0.000013501586
VMEO,0.000013403275
BELFB,0.000013403176
TWI,0.000013400497
TCMD,0.000013389226
FUBO,0.000013329617
EHAB,0.000013316956
SNBR,0.000013288587
IIIN,0.000013284896
ACMR,0.000013266812
PFC,0.000013229561
CRMT,0.000013222043
CYH,0.000013211452
SANA,0.000013190406
FPI,0.000013183937
PRME,0.000013169362
SWBI,0.000013142167
GMRE,0.000013137226
CEVA,0.000013137076
HFWA,0.000013104378
BBSI,0.000013032518
LYEL,0.000012842714
AGTI,0.000012820024
ZYME,0.000012815202
OSBC,0.000012808738
LGF.A,0.000012776995
LAND,0.000012759111
JRVR,0.000012701985
MRNS,0.000012688336
CCSI,0.000012678014
KELYA,0.000012666039
HCKT,0.000012641236
IRON,0.000012640757
HROW,0.000012593467
REX,0.000012592663
MODV,0.000012583171
BMEA,0.000012572474
CTBI,0.000012567614
UFCS,0.000012557352
ALHC,0.000012518350
DHC,0.000012464928
POWL,0.000012457844
APLD,0.000012436353
VVX,0.000012431045
EVLV,0.000012350699
OSPN,0.000012332725
CNXN,0.000012326668
ACHR,0.000012318307
VVI,0.000012296543
XPER,0.000012276914
HA,0.000012190411
ACRE,0.000012185055
IDT,0.000012164714
DFH,0.000012156515
ASPN,0.000012146642
LXU,0.000012132655
BOWL,0.000012125989
ATRO,0.000012092801
NAPA,0.000012089396
HY,0.000012085134
TBI,0.000012064296
KNTK,0.000011953549
TRST,0.000011951548
GLDD,0.000011900359
AVO,0.000011889059
FC,0.000011888057
PHAT,0.000011776733
MCFT,0.000011774586
GPRO,0.000011762813
DMRC,0.000011726194
KRUS,0.000011724291
DXPE,0.000011710287
TR,0.000011708064
UVSP,0.000011683529
CASS,0.000011680070
SWI,0.000011646112
HSII,0.000011640677
CLW,0.000011633803
IIIV,0.000011632567
AGEN,0.000011611933
WW,0.000011607102
RGP,0.000011600632
AGX,0.000011592332
EBF,0.000011569383
SHCR,0.000011565903
CCO,0.000011467238
UWMC,0.000011448313
GOOD,0.000011436349
DBI,0.000011435743
AMTB,0.000011419785
SRI,0.000011388043
ZEUS,0.000011347598
CVGW,0.000011306046
PX,0.000011301686
GSBC,0.000011297764
UHAL,0.000011282213
CABA,0.000011252194
FCBC,0.000011234890
GDYN,0.000011209177
BFS,0.000011202837
TILE,0.000011197227
VTS,0.000011178896
DHIL,0.000011173202
TSVT,0.000011155075
OABI,0.000011111244
ME,0.000011095553
HTBK,0.000011085200
SD,0.000011056157
IVR,0.000011041312
EOSE,0.000011040190
AVD,0.000010934751
YORW,0.000010909379
NVEC,0.000010880019
ACCO,0.000010858705
FG,0.000010857365
EWCZ,0.000010845692
AMWL,0.000010830521
ARQT,0.000010823802
BLBD,0.000010819843
ALDX,0.000010791427
BALY,0.000010738435
CTLP,0.000010674005
EGLE,0.000010657729
SBOW,0.000010655904
MITK,0.000010635091
NFBK,0.000010627973
MCRB,0.000010620453
CBL,0.000010616270
CLSK,0.000010615156
DYN,0.000010613774
WRLD,0.000010611138
IESC,0.000010607771
TRTX,0.000010607150
ORGN,0.000010580130
CLBK,0.000010571365
WASH,0.000010546488
HAFC,0.000010541149
OIS,0.000010539482
WSR,0.000010527285
DM,0.000010521112
EGHT,0.000010500209
QNST,0.000010492882
NRIX,0.000010407676
SCLX,0.000010372764
VYGR,0.000010369636
LUNG,0.000010294638
HOV,0.000010285250
VPG,0.000010259625
KNSA,0.000010242891
CENX,0.000010234454
VZIO,0.000010182061
FMNB,0.000010175518
HIBB,0.000010157168
PGC,0.000010149479
BASE,0.000010093788
CSV,0.000010087373
HBNC,0.000010084253
TARS,0.000010075508
CLDT,0.000010041221
CDNA,0.000010040141
SBGI,0.000010033735
RCEL,0.000009958000
HVT,0.000009941226
WOW,0.000009934466
CAC,0.000009923721
DOMO,0.000009895124
AMRX,0.000009888330
MNTK,0.000009882003
BOC,0.000009868911
VERA,0.000009851890
XPOF,0.000009849830
MXCT,0.000009841154
DH,0.000009807801
BRY,0.000009806213
UVE,0.000009770670
CERS,0.000009752871
FMBH,0.000009736296
SRDX,0.000009716549
MBWM,0.000009703349
ELVN,0.000009697999
MLNK,0.000009692901
KRNY,0.000009691605
TBPH,0.000009678726
ATEX,0.000009674687
TPIC,0.000009672874
ARTNA,0.000009667558
SCPL,0.000009662770
EZPW,0.000009650868
MSBI,0.000009629063
USLM,0.000009615971
AAN,0.000009596766
CTOS,0.000009584243
SCVL,0.000009583731
BY,0.000009460383
EVGO,0.000009434960
WEAV,0.000009423474
ENTA,0.000009373259
ORC,0.000009362150
VTNR,0.000009324109
ATNI,0.000009319992
CRGY,0.000009318143
MBI,0.000009316679
CPF,0.000009315877
EGY,0.000009279373
FWRG,0.000009275639
TPB,0.000009271334
BATRA,0.000009267121
CCB,0.000009247615
FATE,0.000009200753
MOV,0.000009197921
PETQ,0.000009195073
MYPS,0.000009185144
REVG,0.000009111250
FOR,0.000009102615
TTI,0.000009098345
ICPT,0.000009058297
CCBG,0.000009041181
NTGR,0.000009034215
GDRX,0.000009016153
CFB,0.000008986752
ANGO,0.000008986039
NPK,0.000008979988
MBIN,0.000008946665
MLR,0.000008910891
LEU,0.000008887614
ANIK,0.000008861611
CATC,0.000008850681
OCUL,0.000008783836
PROK,0.000008761442
NR,0.000008742570
IHRT,0.000008720353
LIND,0.000008704531
ASLE,0.000008701811
ALEC,0.000008684036
ALX,0.000008681780
ONL,0.000008657233
CHRS,0.000008655874
MOND,0.000008648873
ASTS,0.000008645774
OPI,0.000008643180
RBCAA,0.000008638845
EE,0.000008635841
HCI,0.000008593050
NEWT,0.000008591701
AXGN,0.000008586857
HDSN,0.000008567224
SMBC,0.000008559403
CENT,0.000008547094
CECO,0.000008545298
CTO,0.000008543948
CDRE,0.000008522489
LOVE,0.000008519010
WTI,0.000008515635
TRC,0.000008500075
FIP,0.000008481656
OFLX,0.000008474808
OLPX,0.000008438528
AMCX,0.000008401933
ONEW,0.000008394496
KIND,0.000008393462
AVNW,0.000008383068
ALLO,0.000008376814
IRMD,0.000008338651
VNDA,0.000008312387
SMR,0.000008303630
IBCP,0.000008287481
STER,0.000008230824
LQDT,0.000008190299
VLD,0.000008169414
CCNE,0.000008163026
CVGI,0.000008158617
THFF,0.000008149952
ARAY,0.000008136776
MCB,0.000008099781
ANAB,0.000008094164
BLUE,0.000008092030
NXDT,0.000008067710
CANO,0.000008065228
OSUR,0.000008059596
CSTL,0.000008041151
SLGC,0.000008027946
MCS,0.000008008919
SVRA,0.000008002432
CRCT,0.000007971614
AMAL,0.000007969198
FFIC,0.000007957998
RMR,0.000007946740
HONE,0.000007945287
BFST,0.000007937472
GEVO,0.000007918401
XERS,0.000007899556
OOMA,0.000007884783
CPSI,0.000007876453
BW,0.000007867102
SEMR,0.000007855419
QUOT,0.000007853699
LPSN,0.000007837279
NRDS,0.000007836660
BWMN,0.000007832518
MRSN,0.000007828554
DJCO,0.000007826191
LYTS,0.000007823618
QRTEA,0.000007822924
ALTG,0.000007779258
CARE,0.000007775843
AMSWA,0.000007763391
BHB,0.000007762151
ONTF,0.000007747184
FORR,0.000007745816
SKWD,0.000007738046
BRDG,0.000007719481
RUSHB,0.000007717274
EBS,0.000007713369
BBCP,0.000007713224
FNKO,0.000007704740
BOOM,0.000007688977
RMAX,0.000007664835
ITOS,0.000007661256
PWP,0.000007656612
TIPT,0.000007648376
EVA,0.000007643272
LQDA,0.000007632663
PNTG,0.000007597188
TRDA,0.000007551084
SRG,0.000007527760
OLP,0.000007512273
OMER,0.000007505023
TERN,0.000007451151
UTMD,0.000007424819
HIFS,0.000007413661
EWTX,0.000007367980
GCI,0.000007361788
ESQ,0.000007360271
CLOV,0.000007355787
EQBK,0.000007336098
ULCC,0.000007326105
SLDP,0.000007308144
MCBS,0.000007277934
MGNX,0.000007264573
OLMA,0.000007231529
KODK,0.000007201825
BLNK,0.000007198738
SENS,0.000007194432
SMBK,0.000007185943
SRCE,0.000007180188
EOLS,0.000007173858
BVH,0.000007162989
HTBI,0.000007129018
TWOU,0.000007116404
SRRK,0.000007096335
BAND,0.000007088528
VUZI,0.000007079674
BFLY,0.000007077313
RLGT,0.000007020803
IBRX,0.000007003689
AESI,0.000006991503
MCBC,0.000006987778
BV,0.000006982639
SFIX,0.000006975967
FRPH,0.000006962956
CVLG,0.000006958682
AMPS,0.000006945483
GCMG,0.000006932554
GCO,0.000006907566
SES,0.000006905873
MPB,0.000006900821
ORIC,0.000006874839
ZIMV,0.000006847589
ALPN,0.000006838288
TPC,0.000006828015
ENFN,0.000006815523
ARIS,0.000006814902
NVTA,0.000006808452
VITL,0.000006792165
GNE,0.000006789194
AMNB,0.000006761480
DSKE,0.000006732627
TASK,0.000006727705
FARO,0.000006723883
CNSL,0.000006712211
LUNA,0.000006689605
WEST,0.000006663636
XFOR,0.000006658514
BBW,0.000006655216
NWPX,0.000006639445
ODC,0.000006631388
ASRT,0.000006624767
ABUS,0.000006623956
PMVP,0.000006623355
CUTR,0.000006589858
CZFS,0.000006558471
AROW,0.000006549375
ALLK,0.000006542407
STOK,0.000006514260
PFIS,0.000006513890
CZNC,0.000006509904
VMD,0.000006501508
INOD,0.000006493290
SGHT,0.000006492084
AVIR,0.000006488554
SMHI,0.000006442848
PAHC,0.000006440072
PSTL,0.000006431142
JOUT,0.000006423967
INTT,0.000006418563
PETS,0.000006410616
KALV,0.000006397258
FMAO,0.000006382469
CGEM,0.000006362998
NOTE,0.000006343053
ATMU,0.000006342027
SCPH,0.000006318502
EXFY,0.000006318064
PLCE,0.000006317546
GPMT,0.000006312096
LXRX,0.000006289176
GBIO,0.000006261733
ALRS,0.000006254609
TCX,0.000006250374
PTVE,0.000006238674
HLVX,0.000006230097
HIPO,0.000006222180
SPFI,0.000006214554
ACNB,0.000006207913
PKE,0.000006203220
STRO,0.000006168877
WSBF,0.000006165343
ACDC,0.000006151979
EBTC,0.000006131542
PIII,0.000006122392
RYAM,0.000006119880
URG,0.000006103540
ZUMZ,0.000006083987
SMMT,0.000006071494
WTBA,0.000006044756
CIVB,0.000006024649
CMAX,0.000006004526
UIS,0.000005965805
EVC,0.000005963095
FLIC,0.000005953210
BMRC,0.000005923557
NBN,0.000005908856
RMNI,0.000005906469
JMSB,0.000005903285
TNYA,0.000005897296
CLAR,0.000005892616
NUVB,0.000005890093
SOI,0.000005875762
INGN,0.000005863950
TYRA,0.000005863717
LOCO,0.000005842077
FGEN,0.000005785354
RM,0.000005778607
LMNR,0.000005771506
GEF.B,0.000005770650
MVST,0.000005721631
ICVX,0.000005704970
FET,0.000005703103
DXLG,0.000005673741
OSG,0.000005657266
GLRE,0.000005650837
MLYS,0.000005635419
SLQT,0.000005633654
BIG,0.000005628375
DSGR,0.000005618208
TREE,0.000005608282
SMMF,0.000005603752
OPY,0.000005596090
AMTX,0.000005594508
CMTL,0.000005592207
WULF,0.000005574742
MVBF,0.000005568508
BLFY,0.000005561122
IPI,0.000005520820
EYPT,0.000005518217
BHR,0.000005515041
AMPY,0.000005488434
RBBN,0.000005484227
IMRX,0.000005484094
ANGI,0.000005481598
HBT,0.000005462561
LFCR,0.000005421323
TSP,0.000005417024
ATXS,0.000005396034
REFI,0.000005384055
HBCP,0.000005383382
DAKT,0.000005380530
WLDN,0.000005376409
FRGE,0.000005376368
FF,0.000005371246
CPS,0.000005366454
FSBC,0.000005354233
HT,0.000005332450
FISI,0.000005314144
BSRR,0.000005311363
RRBI,0.000005305962
CARM,0.000005303959
FNLC,0.000005297816
EPM,0.000005274716
USM,0.000005268169
BRT,0.000005266643
BRCC,0.000005242654
OB,0.000005235310
LEGH,0.000005226770
ASUR,0.000005216739
RIGL,0.000005178184
GNTY,0.000005170449
UTI,0.000005168924
EVCM,0.000005143160
YMAB,0.000005141176
LMB,0.000005140074
SPRY,0.000005136935
ARHS,0.000005103412
OPRX,0.000005091491
FDBC,0.000005090113
FBIZ,0.000005087555
GLUE,0.000005082281
IMMR,0.000005073366
FLL,0.000005067567
ORGO,0.000005036369
MOFG,0.000005032751
PBPB,0.000005028329
DGICA,0.000005015982
KOD,0.000005010024
SEER,0.000005008014
AKTS,0.000005002398
ILPT,0.000005001076
FTCI,0.000004987821
AGS,0.000004951673
KOPN,0.000004915342
SPOK,0.000004902505
PCYO,0.000004892786
HYLN,0.000004886002
CIO,0.000004884735
NRIM,0.000004879269
ZYXI,0.000004875054
TELA,0.000004865509
AURA,0.000004855606
BLND,0.000004852330
CRMD,0.000004846043
SKYT,0.000004841466
ALTO,0.000004829582
AKYA,0.000004827685
HBIO,0.000004818322
ERAS,0.000004808685
III,0.000004795305
SHBI,0.000004784845
CSTR,0.000004774177
HOFT,0.000004767365
DNMR,0.000004766555
MBCN,0.000004760067
FLWS,0.000004758780
PINE,0.000004755834
NRDY,0.000004723790
TH,0.000004716746
SPWH,0.000004713654
NWFL,0.000004707574
EGRX,0.000004705886
CDLX,0.000004705615
PRTS,0.000004703507
ATOM,0.000004701094
GCBC,0.000004691168
BLDE,0.000004664322
FFWM,0.000004659829
CMPX,0.000004649265
BKSY,0.000004647200
OTLK,0.000004645179
KRO,0.000004643349
SSTI,0.000004640362
RRGB,0.000004637967
EHTH,0.000004634458
RDVT,0.000004631866
REI,0.000004627770
HNRG,0.000004594764
JYNT,0.000004580330
SIGA,0.000004575292
FSBW,0.000004574551
PACK,0.000004567367
FRST,0.000004563951
HGTY,0.000004563831
METC,0.000004562110
GRWG,0.000004556942
SPPI,0.000004554595
LAW,0.000004533370
CLMB,0.000004533219
ZOM,0.000004530068
CRBU,0.000004520982
BCML,0.000004509556
BGFV,0.000004504277
TCBX,0.000004483339
ITIC,0.000004482622
CNTY,0.000004480380
FFIE,0.000004479678
HLLY,0.000004472126
GOEV,0.000004464757
ALVR,0.000004463262
GHL,0.000004456813
BWB,0.000004451945
AVTE,0.000004445936
NSTG,0.000004430951
AFCG,0.000004415031
NECB,0.000004412095
SGMO,0.000004388549
ADV,0.000004383095
RELL,0.000004378778
SFST,0.000004376574
ULH,0.000004376343
RSI,0.000004370240
REAL,0.000004369172
TSBK,0.000004365118
BHIL,0.000004363771
PLBC,0.000004353468
POWW,0.000004351318
STRS,0.000004344050
CMBM,0.000004338396
BNGO,0.000004325560
CATX,0.000004325230
STKS,0.000004315241
ATNM,0.000004302928
STHO,0.000004290563
OVID,0.000004277159
MAX,0.000004255155
ORRF,0.000004245811
KPTI,0.000004245327
INVE,0.000004242605
FULC,0.000004239627
SENEA,0.000004226068
ATLC,0.000004213461
USX,0.000004200366
TRUE,0.000004193468
RBB,0.000004193307
TG,0.000004191629
FRBA,0.000004175412
DTC,0.000004166018
LCTX,0.000004159528
CVLY,0.000004131252
CLPT,0.000004113687
VSTM,0.000004113413
CDXS,0.000004105057
SNPO,0.000004104952
HFFG,0.000004104196
GBTG,0.000004089151
CRD.A,0.000004081080
GRNT,0.000004076739
CMT,0.000004071018
TNGX,0.000004070471
CVRX,0.000004065214
AMSC,0.000004059143
CFFI,0.000004049823
MPX,0.000004026092
QSI,0.000004023485
ALT,0.000004021831
PDLB,0.000003998654
PKBK,0.000003987771
CTXR,0.000003965549
INFU,0.000003960128
VRM,0.000003927679
ITI,0.000003915153
PAY,0.000003914244
CELC,0.000003901045
HEAR,0.000003899277
PCB,0.000003894373
TDUP,0.000003890039
BCBP,0.000003885056
PWOD,0.000003881872
EGAN,0.000003862034
HRT,0.000003860473
UNTY,0.000003842959
MASS,0.000003824655
CBNK,0.000003816721
TAST,0.000003778942
GENC,0.000003776869
NKSH,0.000003775035
BCOV,0.000003773675
VLGEA,0.000003772554
PFMT,0.000003769650
SAMG,0.000003769055
THRX,0.000003758939
CDZI,0.000003749677
ATLO,0.000003747409
FVCB,0.000003746131
OPRT,0.000003740944
CCRD,0.000003738007
KZR,0.000003690298
ATOS,0.000003687720
INZY,0.000003685027
RGCO,0.000003675918
LINC,0.000003661699
ACTG,0.000003659468
PKOH,0.000003657742
DOUG,0.000003638548
VOXX,0.000003620081
AAOI,0.000003619748
EMAN,0.000003610406
GRTS,0.000003606751
NATR,0.000003605331
COFS,0.000003598820
ZVRA,0.000003594597
DHX,0.000003568996
CVCY,0.000003568020
DC,0.000003558199
MNSB,0.000003545879
WKHS,0.000003539857
AKBA,0.000003538993
IKNA,0.000003533217
INNV,0.000003526792
MG,0.000003514574
ADVM,0.000003511410
MRAM,0.000003510970
XOMA,0.000003502887
KVHI,0.000003502384
MTRX,0.000003498115
SMTI,0.000003496290
PARAA,0.000003492365
VIGL,0.000003488981
FSTR,0.000003475877
ATRA,0.000003463567
CUE,0.000003460601
CBAN,0.000003447394
JANX,0.000003443224
NDLS,0.000003440602
APYX,0.000003419060
HUMA,0.000003415309
LCNB,0.000003414696
MFIN,0.000003411099
PTSI,0.000003408313
PGEN,0.000003395474
RCKY,0.000003391104
VABK,0.000003389379
RXT,0.000003380492
OBT,0.000003378038
PRPL,0.000003375548
SACH,0.000003363689
VRCA,0.000003357411
NAUT,0.000003350802
CHMG,0.000003345521
HQI,0.000003345184
NATH,0.000003332766
REPX,0.000003332584
TRHC,0.000003328157
SMLR,0.000003324377
LAB,0.000003321885
SCU,0.000003312766
MPAA,0.000003312672
BH,0.000003299125
NN,0.000003293976
AXTI,0.000003292372
ACRV,0.000003284014
CTSO,0.000003282527
VAXX,0.000003281204
MYFW,0.000003280326
TSQ,0.000003276335
LTCH,0.000003268823
PBYI,0.000003239267
TWIN,0.000003236123
WEYS,0.000003226513
CTRN,0.000003223749
OCGN,0.000003218992
HRTX,0.000003209785
SCWO,0.000003207486
TIO,0.000003205352
OMGA,0.000003204915
NUTX,0.000003199028
SEEL,0.000003196313
TCFC,0.000003194846
SSBK,0.000003193743
ALXO,0.000003192412
JAKK,0.000003189371
OCN,0.000003175567
VRA,0.000003172978
AJX,0.000003163912
GWRS,0.000003148286
IGMS,0.000003148269
BTAI,0.000003142139
TTSH,0.000003141518
PRST,0.000003136862
CATO,0.000003127589
TALK,0.000003122694
WE,0.000003113741
FRGI,0.000003109179
OPAL,0.000003103945
HURC,0.000003103598
OUST,0.000003102354
BRBS,0.000003099858
NC,0.000003095526
BWFG,0.000003093921
EVER,0.000003085648
AIP,0.000003066470
PESI,0.000003065076
FHTX,0.000003062595
RPHM,0.000003061803
WISH,0.000003046245
PDSB,0.000003046081
COOK,0.000003043044
ESPR,0.000003042943
MACK,0.000003040605
ANNX,0.000003023256
MKFG,0.000003020079
AREC,0.000003011809
KLTR,0.000003007934
BARK,0.000003003989
CARA,0.000003001478
EVBN,0.000002990400
GLT,0.000002979662
AHT,0.000002972496
BPRN,0.000002965487
SEVN,0.000002964540
SWIM,0.000002953021
KLXE,0.000002951985
MEC,0.000002947406
SKYX,0.000002947178
RNGR,0.000002944202
FREE,0.000002944039
FSP,0.000002940957
GRTX,0.000002939515
GHM,0.000002938822
QUIK,0.000002907866
NGVC,0.000002899074
FCCO,0.000002892302
AAIC,0.000002883292
CHMI,0.000002879958
PVBC,0.000002877855
ESSA,0.000002875635
TLS,0.000002874106
AEVA,0.000002865022
SAL,0.000002861800
LTRX,0.000002850725
AOMR,0.000002843071
VERI,0.000002836069
LDI,0.000002822074
AMPX,0.000002820324
RMBL,0.000002811935
BCAB,0.000002809530
CCCC,0.000002806771
PRAX,0.000002804975
DRRX,0.000002801962
FOSL,0.000002801609
ASXC,0.000002795152
JSPR,0.000002794861
BSET,0.000002793822
CAPR,0.000002791919
LBPH,0.000002788942
NREF,0.000002786504
PCYG,0.000002782602
SELB,0.000002780282
ARC,0.000002777680
CTV,0.000002765205
ESCA,0.000002754297
INBK,0.000002751041
TLYS,0.000002743143
GRPN,0.000002734034
MITT,0.000002720896
UEIC,0.000002715964
INO,0.000002711558
GHLD,0.000002708374
TCRT,0.000002694693
FRAF,0.000002668916
MLVF,0.000002643865
USAP,0.000002640656
HGBL,0.000002639515
CTMX,0.000002637351
CALB,0.000002608019
NGS,0.000002574626
TGAN,0.000002566016
LL,0.000002564698
BIRD,0.000002559981
EVI,0.000002557717
BDTX,0.000002557149
WMPN,0.000002555252
QUAD,0.000002552028
WNEB,0.000002548229
KRMD,0.000002546116
GTHX,0.000002527250
NODK,0.000002526103
UFI,0.000002525994
KRT,0.000002516717
CTG,0.000002516558
NKTR,0.000002515890
LLAP,0.000002514476
ABOS,0.000002508580
XBIT,0.000002507512
HYPR,0.000002505560
CIA,0.000002499515
ISTR,0.000002498350
ECBK,0.000002496543
PRCH,0.000002496040
QMCO,0.000002495138
SGC,0.000002493190
SCYX,0.000002489966
TRVI,0.000002488767
LVO,0.000002480279
RLYB,0.000002469135
CIFR,0.000002468418
RGTI,0.000002468070
NGM,0.000002465195
PMTS,0.000002456256
FONR,0.000002454966
GLYC,0.000002454640
SMID,0.000002452692
INMB,0.000002448148
HMST,0.000002440552
PBFS,0.000002418282
AOUT,0.000002391273
VOR,0.000002391080
OPTN,0.000002387175
SST,0.000002378127
QRHC,0.000002377975
XAIR,0.000002370345
CVM,0.000002366256
FEAM,0.000002342963
JILL,0.000002339613
HWBK,0.000002336450
LE,0.000002328853
LAKE,0.000002328024
ASYS,0.000002327873
EBMT,0.000002325797
TCS,0.000002320151
IMUX,0.000002318503
AADI,0.000002318068
BEEM,0.000002316722
OPAD,0.000002304096
LIFE,0.000002303974
UPLD,0.000002294493
ANTX,0.000002289996
VXRT,0.000002287942
SKIL,0.000002286837
SOND,0.000002285493
FCAP,0.000002280819
NNBR,0.000002269799
MLP,0.000002257499
PWFL,0.000002252167
GOSS,0.000002250195
CPSS,0.000002241836
RSVR,0.000002239719
VATE,0.000002238235
WHG,0.000002227702
RVSB,0.000002224998
DIBS,0.000002220014
OPBK,0.000002217111
TCRX,0.000002208706
GSIT,0.000002208657
BTMD,0.000002198688
PRTK,0.000002194545
HNST,0.000002176832
ANIX,0.000002172964
VEL,0.000002172152
CRGE,0.000002169610
BELFA,0.000002163655
PRPH,0.000002162539
REKR,0.000002161486
BFIN,0.000002160056
MRBK,0.000002152139
BGSF,0.000002145537
PLBY,0.000002144131
LSEA,0.000002137595
IVAC,0.000002134679
NOTV,0.000002130081
GEOS,0.000002128969
SNFCA,0.000002127895
LFMD,0.000002118247
PSTX,0.000002118031
CDTX,0.000002116196
ABSI,0.000002112445
GNSS,0.000002111472
RCMT,0.000002110136
CMRX,0.000002105855
LBC,0.000002104134
SPRU,0.000002099861
UONEK,0.000002098020
GWH,0.000002097983
MDV,0.000002095137
FUNC,0.000002094385
SUP,0.000002090114
HNVR,0.000002089052
EML,0.000002084491
ANVS,0.000002082051
BSVN,0.000002075967
EARN,0.000002074357
TALS,0.000002073983
EGIO,0.000002071200
ATHA,0.000002070149
VCSA,0.000002059283
ACHV,0.000002055970
RBOT,0.000002041909
DSGN,0.000002036653
MESA,0.000002034990
FNWB,0.000002034347
BKKT,0.000002033216
RENT,0.000002030766
TBNK,0.000002026582
AQMS,0.000002023476
SSBI,0.000002013940
UIHC,0.000002008083
PXLW,0.000002005250
PHX,0.000002001613
DZSI,0.000002001492
OCUP,0.000001996702
STTK,0.000001990831
ALOT,0.000001984237
EPSN,0.000001980829
MHLD,0.000001975801
DLHC,0.000001965182
SGA,0.000001965112
TACT,0.000001958334
RVPH,0.000001956440
BGRY,0.000001931180
FNWD,0.000001927967
SBT,0.000001926509
ACNT,0.000001923641
FFNW,0.000001923321
PCTI,0.000001903489
PEBK,0.000001900191
BYRN,0.000001899081
DMAC,0.000001882562
FINW,0.000001880769
ORN,0.000001880767
LRMR,0.000001878216
RAD,0.000001870946
XXII,0.000001869785
EP,0.000001859751
NTIC,0.000001854903
STXS,0.000001854526
USCB,0.000001850473
APEI,0.000001844180
VERU,0.000001840869
SCTL,0.000001835297
BSGM,0.000001832830
FRD,0.000001825816
VTSI,0.000001825458
DARE,0.000001815075
AVAH,0.000001815021
AUGX,0.000001808875
DLTH,0.000001806562
LNKB,0.000001800483
THRD,0.000001795041
UNB,0.000001793656
TAYD,0.000001792526
PFSW,0.000001786717
IMNM,0.000001786617
PAYS,0.000001776227
DMTK,0.000001774955
NVCT,0.000001772632
HRTG,0.000001766617
CRIS,0.000001760882
ETON,0.000001748759
ACU,0.000001737366
FOA,0.000001736112
WLFC,0.000001723867
ZVIA,0.000001721933
PEPG,0.000001720008
MTNB,0.000001717457
CPHC,0.000001717453
LCUT,0.000001699796
RANI,0.000001691584
NINE,0.000001690331
ACET,0.000001688944
PPIH,0.000001671397
BWEN,0.000001666924
EYEN,0.000001665432
LAZY,0.000001664454
ABEO,0.000001661702
FLXS,0.000001642736
HBB,0.000001636035
CDXC,0.000001632251
KNTE,0.000001630850
HYZN,0.000001625443
CMPO,0.000001607540
BLZE,0.000001606327
SNCR,0.000001606170
STRT,0.000001604937
KRON,0.000001603798
OPOF,0.000001603272
CRVS,0.000001602183
AQST,0.000001599564
LEE,0.000001598395
PRLD,0.000001591494
ISSC,0.000001589530
WGS,0.000001586362
ENZ,0.000001586178
SERA,0.000001580531
ACR,0.000001579575
CLPR,0.000001578876
PROV,0.000001572883
OMEX,0.000001572560
GRPH,0.000001571285
FSFG,0.000001571104
CLNN,0.000001566750
ASTR,0.000001559057
DBTX,0.000001558224
LPTV,0.000001557304
SURG,0.000001555328
HMNF,0.000001554969
BBAI,0.000001552261
LTBR,0.000001550127
RLMD,0.000001540294
FGBI,0.000001532679
PSNL,0.000001524703
MAPS,0.000001523215
IPSC,0.000001523115
UBP,0.000001511259
ZFOX,0.000001508519
CRD.B,0.000001507760
BCLI,0.000001501131
MDWT,0.000001499611
FTHM,0.000001491159
EEX,0.000001489511
KFS,0.000001489357
SKLZ,0.000001489268
NKTX,0.000001486228
SCX,0.000001485837
ELMD,0.000001483502
LODE,0.000001472437
IVVD,0.000001461384
SDC,0.000001460255
IPWR,0.000001456012
NPCE,0.000001450125
DSP,0.000001444679
GOCO,0.000001441606
DLA,0.000001441493
ROOT,0.000001441294
SMSI,0.000001436152
SLDB,0.000001424438
PTRS,0.000001415301
SCOR,0.000001400335
INSG,0.000001390939
GALT,0.000001388189
PNRG,0.000001377709
LFT,0.000001376276
FCUV,0.000001375419
ELA,0.000001374105
CMLS,0.000001373931
CRDF,0.000001366207
BH.A,0.000001362697
LYRA,0.000001360990
DCTH,0.000001359631
TCBC,0.000001359614
PYXS,0.000001357814
CLSD,0.000001356921
RZLT,0.000001348339
TOON,0.000001347004
ML,0.000001343291
KTCC,0.000001339878
TESS,0.000001339430
TPCS,0.000001323765
SPRO,0.000001321458
ASMB,0.000001316157
AC,0.000001315834
SCWX,0.000001314381
AXDX,0.000001308344
CFBK,0.000001300601
GORO,0.000001288251
JOB,0.000001287468
APLT,0.000001283631
STIM,0.000001274696
CULP,0.000001272869
TZOO,0.000001256137
BVS,0.000001252212
SWKH,0.000001239626
WMC,0.000001237909
CELU,0.000001222549
BGXX,0.000001221573
RMTI,0.000001214128
IDR,0.000001210234
SONX,0.000001209199
METCB,0.000001198118
FBIO,0.000001195336
KORE,0.000001187067
CMCT,0.000001180140
PHUN,0.000001175656
VIRC,0.000001171865
THRN,0.000001170176
HSON,0.000001169243
AIRG,0.000001169087
MYMD,0.000001167166
AREN,0.000001164425
PRDS,0.000001161890
BEAT,0.000001154247
ISDR,0.000001152529
ISPO,0.000001144008
KPLT,0.000001139111
FLUX,0.000001137800
KULR,0.000001137711
RDW,0.000001136613
CONN,0.000001135430
AIRS,0.000001131388
SPIR,0.000001130142
HOWL,0.000001129723
MLSS,0.000001126727
SYRS,0.000001124644
FTK,0.000001119750
ALCO,0.000001118869
STRM,0.000001118314
NERV,0.000001117562
ELEV,0.000001110584
EMBK,0.000001106696
LPTH,0.000001106466
SELF,0.000001105653
TCI,0.000001097182
UHG,0.000001095881
OESX,0.000001095051
LTRPA,0.000001094073
LFVN,0.000001093478
UONE,0.000001091517
AXR,0.000001089297
BAFN,0.000001088684
ULBI,0.000001083044
GNPX,0.000001082695
XLO,0.000001081323
CLST,0.000001076538
BHM,0.000001073007
BNED,0.000001072409
CYT,0.000001067087
TUSK,0.000001065339
DOMA,0.000001064831
POL,0.000001062878
LUNR,0.000001057156
PMCB,0.000001054664
CRWS,0.000001054454
ALPP,0.000001050739
CODA,0.000001045616
MCHX,0.000001042689
DTIL,0.000001037612
SURF,0.000001037335
FARM,0.000001029424
SLS,0.000001028707
BODY,0.000001028652
HYMC,0.000001025210
BCOW,0.000001022193
MEIP,0.000001013345
OSS,0.000001012915
PFIE,0.000001009659
QNCX,0.000001009355
APT,0.000001009105
RDI,0.000001009074
LOAN,0.000001005607
FEIM,0.000001001840
PET,0.000001000819
MOVE,0.000000996608
ADTH,0.000000994518
RGS,0.000000993680
LTRN,0.000000990740
BRLT,0.000000990260
IDN,0.000000989201
SPRB,0.000000987584
NSTS,0.000000983627
FAT,0.000000983509
BYFC,0.000000982893
BATL,0.000000977427
RSSS,0.000000973716
GIFI,0.000000970515
CASA,0.000000954549
PASG,0.000000950919
PLSE,0.000000938345
ADES,0.000000936495
NL,0.000000935938
CKPT,0.000000935143
BZFD,0.000000934572
CLIR,0.000000933698
FRBK,0.000000929961
AP,0.000000927026
HEPA,0.000000925065
CVV,0.000000923758
QUBT,0.000000922734
FORA,0.000000922595
AVRO,0.000000920137
WWR,0.000000918718
SUNW,0.000000914703
RAIL,0.000000914497
WRAP,0.000000913896
BKTI,0.000000910882
ICAD,0.000000910770
ORGS,0.000000910464
RFL,0.000000909093
CSPI,0.000000907726
ASRV,0.000000906029
HOOK,0.000000904615
CVU,0.000000903930
MGTA,0.000000903196
HCWB,0.000000900019
DYAI,0.000000899675
BHG,0.000000898399
SRTS,0.000000895367
CELL,0.000000895148
HLGN,0.000000891780
BSBK,0.000000891357
HOFV,0.000000888151
FIXX,0.000000886674
WTT,0.000000879666
VIRX,0.000000876280
LNSR,0.000000872519
FSEA,0.000000872050
CAMP,0.000000871086
CGTX,0.000000866862
BCDA,0.000000865776
GROW,0.000000862510
SND,0.000000861618
EXPR,0.000000859956
GLSI,0.000000859282
PDEX,0.000000858584
USIO,0.000000855640
KNW,0.000000849008
EMKR,0.000000844380
BOLT,0.000000839048
PAVM,0.000000837512
NAII,0.000000833814
VRAR,0.000000832405
IZEA,0.000000832343
OMIC,0.000000829182
RCAT,0.000000823769
ASPS,0.000000822696
ATER,0.000000819421
MKTW,0.000000818913
LVLU,0.000000813322
FKWL,0.000000812780
ONDS,0.000000812688
NXTC,0.000000810646
PBBK,0.000000801835
AAMC,0.000000799320
GEG,0.000000798605
MHH,0.000000798219
CPSH,0.000000795988
GROV,0.000000790876
RFIL,0.000000789713
XGN,0.000000789478
MBIO,0.000000787535
DAIO,0.000000786946
ARAV,0.000000784298
TXMD,0.000000781845
SGTX,0.000000781033
BDSX,0.000000780694
LIVE,0.000000780053
BOTJ,0.000000779622
OPTT,0.000000779587
CODX,0.000000776450
HLTH,0.000000775893
USAU,0.000000774964
MIRO,0.000000771282
ARKR,0.000000770578
CRBP,0.000000763833
NLS,0.000000762992
UBX,0.000000762010
STCN,0.000000758866
MPU,0.000000758747
AIM,0.000000749662
TIL,0.000000745491
SBEV,0.000000744519
FTEK,0.000000742278
MKUL,0.000000735632
LPTX,0.000000734308
XPL,0.000000732052
WFCF,0.000000730929
AEYE,0.000000727896
SABS,0.000000725140
SOHO,0.000000717054
DIT,0.000000716779
HHS,0.000000711542
VANI,0.000000710292
LUXH,0.000000708068
DPSI,0.000000707202
DAVE,0.000000704855
KIRK,0.000000702330
GAIA,0.000000702137
TUP,0.000000699078
BCEL,0.000000698099
HYFM,0.000000697017
CCLD,0.000000691075
GTIM,0.000000690835
DUOT,0.000000689024
BIOR,0.000000685957
ELDN,0.000000677067
ALGS,0.000000674608
NVNO,0.000000674316
DFLI,0.000000669114
SANW,0.000000666343
PNBK,0.000000666070
TCBS,0.000000662670
KEQU,0.000000658648
VHC,0.000000652516
SIEB,0.000000652147
EIGR,0.000000648716
OPFI,0.000000647217
VWE,0.000000645350
FLNT,0.000000645317
IRIX,0.000000642296
DSS,0.000000639605
ICCC,0.000000639242
PRTH,0.000000639196
NTIP,0.000000635375
SYPR,0.000000633254
APCX,0.000000633244
CURI,0.000000627935
ESP,0.000000627617
RIDE,0.000000627616
TOI,0.000000622868
ZDGE,0.000000622814
ICD,0.000000621142
CIX,0.000000620134
HNNA,0.000000619905
EVTV,0.000000619742
NLTX,0.000000616228
ESOA,0.000000614460
SOBR,0.000000614368
NCMI,0.000000610115
SIEN,0.000000606215
BFI,0.000000605939
BTCY,0.000000601754
AKLI,0.000000601562
VBFC,0.000000597564
MBOT,0.000000597003
LVOX,0.000000590745
SOTK,0.000000589451
TSHA,0.000000588320
UG,0.000000588092
AQB,0.000000585419
UAMY,0.000000580312
RGF,0.000000576909
CURO,0.000000575359
GRNA,0.000000574815
AIRT,0.000000572545
APRN,0.000000572203
BMTX,0.000000571964
ACXP,0.000000571932
ONTX,0.000000571929
LPCN,0.000000571626
SNDA,0.000000570420
LWAY,0.000000569962
PPSI,0.000000568928
UPXI,0.000000564621
AYRO,0.000000564509
RGLS,0.000000562459
FXLV,0.000000562334
OWLT,0.000000555013
OMQS,0.000000552280
PED,0.000000552247
INTG,0.000000545907
LSTA,0.000000545587
SRT,0.000000544310
TISI,0.000000543915
SLNG,0.000000537098
PTN,0.000000531371
CPTN,0.000000527475
OCX,0.000000525730
AGIL,0.000000520495
STRC,0.000000515977
AE,0.000000514826
KSCP,0.000000511969
BSQR,0.000000510469
RMCF,0.000000508022
CTHR,0.000000505327
BMRA,0.000000502345
CNTX,0.000000501889
INKT,0.000000501243
TARA,0.000000499739
INUV,0.000000499339
FSI,0.000000498838
SFE,0.000000497552
ASTC,0.000000496907
WVVI,0.000000496577
RAVE,0.000000495652
ANY,0.000000494956
NTWK,0.000000493076
SONM,0.000000490362
CFSB,0.000000489351
POCI,0.000000488943
VTVT,0.000000487667
MNTS,0.000000484381
CGRN,0.000000483460
BRID,0.000000482960
WATT,0.000000479859
LIDR,0.000000478903
RAIN,0.000000478131
OCC,0.000000477597
INAB,0.000000476537
UP,0.000000476309
CNVS,0.000000476034
LIFW,0.000000475837
FGH,0.000000475218
ABIO,0.000000473297
CSSE,0.000000472875
EAR,0.000000472710
NRXP,0.000000471448
MTEM,0.000000468900
DLPN,0.000000468169
XTNT,0.000000468116
CETY,0.000000467841
SFT,0.000000467779
ADN,0.000000467696
CCEL,0.000000466814
COEP,0.000000464850
NMTC,0.000000462748
BDL,0.000000460857
SSKN,0.000000459510
CVR,0.000000459393
AWRE,0.000000459171
BOXL,0.000000457720
ECOR,0.000000457202
ALZN,0.000000457093
FBRX,0.000000455432
PMD,0.000000452252
MAIA,0.000000450374
SNSE,0.000000448985
NXU,0.000000446363
UAVS,0.000000441716
MRKR,0.000000441322
SYBX,0.000000440665
CYN,0.000000439799
INFI,0.000000437427
LSBK,0.000000437027
MAYS,0.000000436383
TKNO,0.000000435435
SDIG,0.000000435276
CXAI,0.000000433259
KOSS,0.000000432256
AGE,0.000000430932
ELTX,0.000000429805
HUSA,0.000000429556
POAI,0.000000427423
JRSH,0.000000425711
RPID,0.000000424930
NICK,0.000000423092
CXDO,0.000000422629
IPDN,0.000000422514
HARP,0.000000421514
ONCT,0.000000421480
CADL,0.000000421121
DXR,0.000000420255
MPTI,0.000000419757
FPAY,0.000000418311
CYTH,0.000000418089
CLRB,0.000000417072
TLF,0.000000416334
AFIB,0.000000416309
VINC,0.000000414956
CTIB,0.000000409229
PATI,0.000000408857
AGAE,0.000000408435
MULN,0.000000407967
EFTR,0.000000406820
VAPO,0.000000404092
AUID,0.000000399048
ATHX,0.000000398708
XELB,0.000000398084
MBRX,0.000000397007
ZIVO,0.000000395169
COCP,0.000000393414
INTZ,0.000000390992
ACER,0.000000388982
VIA,0.000000384432
ZYNE,0.000000384063
IMPL,0.000000383427
NHWK,0.000000383177
SNTI,0.000000381976
TNXP,0.000000377628
CORR,0.000000377525
HGEN,0.000000377518
DXYN,0.000000376219
LUMO,0.000000373926
IMMX,0.000000373880
VEEE,0.000000373193
OPHC,0.000000372028
VIEW,0.000000371378
RNXT,0.000000370479
XWEL,0.000000367625
ACOR,0.000000365930
APDN,0.000000365646
CREX,0.000000365620
SGMA,0.000000364935
LGVN,0.000000364816
LINK,0.000000361166
SVT,0.000000361162
AMPG,0.000000360187
CISO,0.000000359332
AINC,0.000000359103
RVP,0.000000358090
SEAC,0.000000357599
EKSO,0.000000357045
RVYL,0.000000356025
TFFP,0.000000353864
LGL,0.000000353363
NTRB,0.000000353055
ZEV,0.000000352736
DWSN,0.000000351915
LUCD,0.000000351207
AWH,0.000000350496
TOVX,0.000000349574
OPXS,0.000000344686
ONVO,0.000000340412
IPW,0.000000340254
WYY,0.000000339937
KA,0.000000339564
GOVX,0.000000336167
MODD,0.000000335768
SDPI,0.000000332574
USEG,0.000000331297
EQ,0.000000328119
BPTH,0.000000325661
TBIO,0.000000325375
WTER,0.000000324801
MTEX,0.000000323133
VERY,0.000000319235
CEI,0.000000316775
VTGN,0.000000315997
SNCE,0.000000315420
VVOS,0.000000314869
SUNL,0.000000314830
IKT,0.000000312255
SGRP,0.000000303534
TAIT,0.000000302661
VLCN,0.000000302353
BBIG,0.000000298399
DALN,0.000000298191
IRNT,0.000000296553
CKX,0.000000296344
PETV,0.000000296090
NNVC,0.000000294588
BRN,0.000000293436
MARK,0.000000292545
UPH,0.000000291740
BWV,0.000000290804
SWAG,0.000000289305
SALM,0.000000287751
VGAS,0.000000281640
BRTX,0.000000280845
LOCL,0.000000280841
ACRX,0.000000280277
TPHS,0.000000278930
NOVN,0.000000278443
STRR,0.000000276601
SNAX,0.000000274716
NYC,0.000000273682
CHCI,0.000000273630
TRT,0.000000273275
COYA,0.000000273172
PZG,0.000000272608
FREQ,0.000000271625
IMNN,0.000000271243
BRFH,0.000000270485
CPIX,0.000000270018
DGICB,0.000000268564
SRZN,0.000000267669
ATIP,0.000000264570
BBGI,0.000000264190
DOMH,0.000000262566
ELYM,0.000000262046
ENG,0.000000259781
GTBP,0.000000256464
KAVL,0.000000254852
SHFS,0.000000254823
VRME,0.000000254643
MDVL,0.000000250901
QRTEB,0.000000250368
ALIM,0.000000249884
NCSM,0.000000249585
JOAN,0.000000249535
VNCE,0.000000249218
JCTCF,0.000000249088
INDP,0.000000248744
SHPW,0.000000248638
YTEN,0.000000247105
AKU,0.000000244736
NVVE,0.000000242854
INLX,0.000000241897
BLIN,0.000000241513
PCSA,0.000000239777
PALT,0.000000239164
KINS,0.000000238769
MXC,0.000000237845
BTTX,0.000000237632
CARV,0.000000237394
FUV,0.000000235256
VISL,0.000000234852
BIAF,0.000000234220
ABVC,0.000000233974
APVO,0.000000233713
PFIN,0.000000232601
SLGG,0.000000232496
SQFT,0.000000231890
EVLO,0.000000231356
FATH,0.000000228896
LASE,0.000000227989
NEPH,0.000000225382
IBIO,0.000000225000
NMTR,0.000000224595
MRIN,0.000000223454
DERM,0.000000222828
AMS,0.000000220218
DTST,0.000000218552
APRE,0.000000217352
BTBD,0.000000216557
POLA,0.000000215655
XOS,0.000000214436
BRDS,0.000000214264
TOMZ,0.000000213295
UGRO,0.000000208839
BTCS,0.000000208345
MITQ,0.000000206595
CLRO,0.000000206287
PEGY,0.000000204775
SSNT,0.000000204711
PRPO,0.000000200709
AIRI,0.000000200583
AUMN,0.000000199554
TSRI,0.000000199018
MGLD,0.000000198446
TLIS,0.000000193844
OLB,0.000000192052
OTRK,0.000000191931
CING,0.000000188693
SGBX,0.000000188435
AMTI,0.000000187669
TPST,0.000000187062
MRAI,0.000000186340
GREE,0.000000183449
NSYS,0.000000183146
GIPR,0.000000180027
ISPC,0.000000179067
LFLY,0.000000178846
CDIO,0.000000178388
BFRI,0.000000176495
FGF,0.000000176237
FNCH,0.000000174025
DRCT,0.000000172062
FAZE,0.000000171220
AXLA,0.000000167312
AEI,0.000000165430
RBT,0.000000163634
SIDU,0.000000160299
VCNX,0.000000157985
GVP,0.000000156839
FORD,0.000000156275
AUVI,0.000000152104
IDAI,0.000000148594
TCON,0.000000145644
ALBT,0.000000144720
ELSE,0.000000141671
ISIG,0.000000140982
KBNT,0.000000140414
AULT,0.000000140218
SIF,0.000000138698
AAME,0.000000136286
RDIB,0.000000136054
ARTW,0.000000134869
FEMY,0.000000132167
ACGN,0.000000126944
FRZA,0.000000124272
CNFR,0.000000124236
BFRG,0.000000116236
PSTV,0.000000114206
ISUN,0.000000113334
CMRA,0.000000113077
LIXT,0.000000112243
VERO,0.000000105181
MGOL,0.000000103713
SNAL,0.000000101999
MIMO,0.000000100339
BTTR,0.000000096358
FGI,0.000000094969
MNPR,0.000000091454
WHLM,0.000000090596
SOFO,0.000000086202
MSN,0.000000086088
CTM,0.000000082051
PXMD,0.000000079680
HPCO,0.000000076462
DMS,0.000000076238
PIXY,0.000000075653
JEWL,0.000000069857
LUCY,0.000000069619
FATBB,0.000000066413
AVTX,0.000000059607
PEV,0.000000054553
ID,0.000000050350
APGN,0.000000048997
TNON,0.000000046520